Model ID	CARD Short Name
3831	Spyo_ErmA_MLSb
1781	AAC(2')-Ia
746	AAC(2')-Ib
1246	AAC(2')-Ic
1415	AAC(2')-Id
2832	AAC(2')-Ie
3327	AAC(2')-IIa
2524	AAC(2')-IIb
39	AAC(3)-Ia
575	AAC(3)-Ib
209	AAC_3Ib_AAC_6Ib
1131	AAC(3)-Ic
742	AAC(3)-Id
478	AAC(3)-IIa
925	AAC(3)-IIb
1378	AAC(3)-IIc
3322	AAC(3)-IId
3321	AAC(3)-IIe
3820	AAC(3)-IIg
1879	AAC(3)-IIIa
410	AAC(3)-IIIb
51	AAC(3)-IIIc
639	AAC(3)-IVa
3801	AAC(3)-IVb
2030	AAC(3)-IXa
1105	AAC(3)-VIa
653	AAC(3)-VIIa
501	AAC(3)-VIIIa
1483	AAC(3)-Xa
300	AAC(6')-29a
659	AAC(6')-29b
922	AAC6_30_AAC6_Ib
1093	AAC(6')-31
1577	AAC(6')-32
2525	AAC(6')-34
1365	AAC(6')-I30
924	AAC(6')-I33
3340	AAC(6')-I-43
3338	AAC(6')-I-48
574	AAC(6')-Ia
1526	AAC(6')-Iaa
1911	AAC(6')-Iad
738	AAC(6')-Iae
156	AAC(6')-Iaf
1602	AAC(6')-Iai
2191	AAC(6')-Iaj
1909	AAC(6')-Iak
3319	AAC(6')-Ian
5817	AAC(6')-Iap
63	AAC(6')-Ib
1235	AAC(6')-Ib'
1370	AAC(6')-Ib10
1801	AAC(6')-Ib11
1068	AAC(6')-Ib3
1002	AAC(6')-Ib4
2117	AAC(6')-Ib7
2071	AAC(6')-Ib8
993	AAC(6')-Ib9
1678	AAC(6')-Ib-cr1
6020	aac(6')-Ib-cr10
6021	aac(6')-Ib-cr11
3840	AAC(6')-Ib-cr3
3841	AAC(6')-Ib-cr4
3842	AAC(6')-Ib-cr5
3843	AAC(6')-Ib-cr6
3844	AAC(6')-Ib-cr7
3845	AAC(6')-Ib-cr8
3846	AAC(6')-Ib-cr9
1000	AAC6_IB_HZ
1024	AAC(6')-Ib-SK
444	AAC_6_IB_Su
1299	AAC(6')-Ic
1814	AAC6_Ie_APH2_Ia
1651	AAC(6')-If
1111	AAC(6')-Ig
676	AAC(6')-Ih
1050	AAC(6')-Ii
1657	AAC(6')-IIa
140	AAC(6')-IIb
730	AAC(6')-IIc
1831	AAC(6')-Iid
1891	AAC(6')-Iih
724	AAC(6')-Ij
1977	AAC(6')-Ik
3334	AAC(6')-Il
3328	AAC(6')-Im
1653	AAC(6')-Ip
1327	AAC(6')-Iq
1821	AAC(6')-Ir
544	AAC(6')-Is
967	AAC(6')-Isa
1674	AAC(6')-It
110	AAC(6')-Iu
784	AAC(6')-Iv
1271	AAC(6')-Iw
1939	AAC(6')-Ix
360	AAC(6')-Iy
1995	AAC(6')-Iz
1562	aad(6)
650	aadA
3398	aadA10
1772	aadA11
149	aadA12
2087	aadA13
1839	aadA14
1162	aadA15
1762	aadA16
502	aadA17
1227	aadA2
584	aadA21
1392	aadA22
69	aadA23
1682	aadA24
642	aadA25
3381	aadA27
1539	aadA3
120	aadA4
1420	aadA5
2009	aadA6
1242	aadA6/aadA10
1464	aadA7
2043	aadA8
3399	aadA8b
323	aadA9
426	aadK
3382	aadS
6002	aadT
4122	AAK-1
2416	abcA
1368	abeM
593	abeS
1663	ACC-1
4123	ACC-1a
4124	ACC-1b
4125	ACC-1c
4126	ACC-1d
2024	ACC-2
1422	ACC-3
406	ACC-4
1865	ACC-5
4127	ACC-7
4128	ACC-8
2874	ACI-1
3277	Abau_AbaF
3278	Abau_AbaQ
3281	Abau_AbuO
2300	Abau_ampC_BLA
3280	Abau_AmvA
2314	Abau_gyrA_FLO
2308	Abau_OprD_IPM
2315	Abau_parC_FLO
1104	acrB
1427	acrD
1445	AcrE
1437	AcrF
520	AcrS
667	ACT-1
22	ACT-10
7301	ACT-100
7302	ACT-101
7303	ACT-102
7304	ACT-103
7305	ACT-104
7306	ACT-105
7307	ACT-106
7308	ACT-107
7309	ACT-108
7310	ACT-109
7311	ACT-110
7312	ACT-111
7313	ACT-112
7314	ACT-113
7315	ACT-115
7316	ACT-116
7317	ACT-117
7318	ACT-118
7319	ACT-119
1506	ACT-12
7320	ACT-120
7321	ACT-121
7322	ACT-122
7323	ACT-123
7324	ACT-124
1900	ACT-13
7325	ACT-131
1541	ACT-14
7326	ACT-140
7327	ACT-141
7328	ACT-142
7329	ACT-143
7330	ACT-144
7331	ACT-145
7332	ACT-146
7333	ACT-148
951	ACT-15
7334	ACT-150
7335	ACT-151
7336	ACT-153
7337	ACT-154
7338	ACT-155
7339	ACT-156
7340	ACT-157
7341	ACT-158
7342	ACT-159
638	ACT-16
7343	ACT-160
7344	ACT-161
7345	ACT-162
7346	ACT-165
7347	ACT-166
7348	ACT-167
7349	ACT-168
7350	ACT-169
1114	ACT-17
7351	ACT-170
7352	ACT-171
7353	ACT-172
7354	ACT-173
7355	ACT-174
7356	ACT-175
7357	ACT-176
7358	ACT-177
7359	ACT-178
7360	ACT-179
1565	ACT-18
7361	ACT-180
7362	ACT-181
7363	ACT-182
7364	ACT-183
7365	ACT-184
7366	ACT-185
7367	ACT-186
7368	ACT-187
7369	ACT-188
7370	ACT-189
236	ACT-19
7371	ACT-190
7372	ACT-191
7373	ACT-192
7374	ACT-193
7375	ACT-194
526	ACT-2
1309	ACT-20
1905	ACT-21
401	ACT-22
1645	ACT-23
1929	ACT-24
433	ACT-25
1484	ACT-27
1700	ACT-28
80	ACT-29
1581	ACT-3
241	ACT-30
700	ACT-31
1904	ACT-32
2135	ACT-33
4129	ACT-34
9	ACT-35
663	ACT-36
257	ACT-37
3311	ACT-38
4130	ACT-39
1495	ACT-4
4131	ACT-40
4132	ACT-41
4133	ACT-42
4134	ACT-43
4135	ACT-44
4136	ACT-45
4137	ACT-46
4138	ACT-47
4139	ACT-48
4140	ACT-49
1838	ACT-5
4141	ACT-50
4142	ACT-51
4143	ACT-52
4144	ACT-53
4145	ACT-54
4146	ACT-55
4147	ACT-56
4148	ACT-57
4149	ACT-58
4150	ACT-59
1788	ACT-6
4151	ACT-60
4152	ACT-61
4153	ACT-62
4154	ACT-63
4155	ACT-64
4156	ACT-65
4157	ACT-66
4158	ACT-67
4159	ACT-68
4160	ACT-69
1959	ACT-7
4161	ACT-70
4162	ACT-72
4163	ACT-73
4164	ACT-74
4165	ACT-75
4166	ACT-76
4167	ACT-77
4168	ACT-78
4169	ACT-79
3313	ACT-8
4170	ACT-80
4171	ACT-81
4172	ACT-82
4173	ACT-83
4174	ACT-84
7376	ACT-85
7377	ACT-86
4175	ACT-87
7378	ACT-88
7379	ACT-89
1155	ACT-9
7380	ACT-90
7381	ACT-91
7382	ACT-92
7383	ACT-93
7384	ACT-94
7385	ACT-95
7386	ACT-96
7387	ACT-97
7388	ACT-98
7389	ACT-99
7390	ACT-GC1
2334	ADC-1
3314	ADC-10
4176	ADC-100
4177	ADC-101
4178	ADC-102
4179	ADC-103
4180	ADC-104
4181	ADC-105
4182	ADC-106
4183	ADC-107
4184	ADC-109
3310	ADC-11
4185	ADC-110
4186	ADC-112
4187	ADC-113
4188	ADC-114
4189	ADC-115
4190	ADC-116
4191	ADC-117
4192	ADC-119
2342	ADC-12
4193	ADC-120
4194	ADC-121
4195	ADC-122
4196	ADC-123
4197	ADC-125
4198	ADC-127
4199	ADC-128
4200	ADC-129
2343	ADC-13
4201	ADC-130
4202	ADC-131
4203	ADC-132
4204	ADC-133
4205	ADC-134
4206	ADC-135
4207	ADC-136
4208	ADC-137
4209	ADC-138
4210	ADC-139
2344	ADC-14
4211	ADC-140
4212	ADC-141
4213	ADC-143
4214	ADC-144
4215	ADC-145
4216	ADC-146
4217	ADC-147
4218	ADC-148
4219	ADC-149
2345	ADC-15
4220	ADC-150
4221	ADC-151
4222	ADC-152
4223	ADC-153
4224	ADC-154
4225	ADC-155
4226	ADC-156
4227	ADC-157
4228	ADC-158
3780	ADC-159
2346	ADC-16
4229	ADC-160
4230	ADC-162
4231	ADC-163
4232	ADC-164
4233	ADC-165
4234	ADC-166
4235	ADC-167
4236	ADC-168
4237	ADC-169
2347	ADC-17
4238	ADC-170
4239	ADC-171
4240	ADC-172
4241	ADC-173
4242	ADC-174
4243	ADC-175
4244	ADC-176
4245	ADC-177
4246	ADC-178
4247	ADC-179
2348	ADC-18
4248	ADC-180
3966	ADC-181
3967	ADC-182
3968	ADC-183
4249	ADC-184
4250	ADC-185
4251	ADC-186
4252	ADC-187
4253	ADC-188
4254	ADC-189
2349	ADC-19
4255	ADC-190
4256	ADC-191
4257	ADC-192
4258	ADC-193
4259	ADC-194
4260	ADC-195
4261	ADC-196
4262	ADC-197
4263	ADC-198
4264	ADC-199
2335	ADC-2
2350	ADC-20
4265	ADC-200
4266	ADC-201
4267	ADC-202
4268	ADC-203
4269	ADC-204
4270	ADC-205
4271	ADC-206
4272	ADC-207
4273	ADC-208
4274	ADC-209
2351	ADC-21
4275	ADC-210
4276	ADC-211
4277	ADC-212
4278	ADC-213
4279	ADC-214
4280	ADC-215
4281	ADC-216
4282	ADC-217
4283	ADC-218
4284	ADC-219
2352	ADC-22
4285	ADC-220
4286	ADC-221
4287	ADC-222
4288	ADC-223
4289	ADC-224
4290	ADC-225
4291	ADC-226
4292	ADC-227
4293	ADC-228
4294	ADC-229
2353	ADC-23
4295	ADC-230
4296	ADC-231
4297	ADC-232
4298	ADC-233
4299	ADC-234
4300	ADC-235
4301	ADC-236
4302	ADC-237
4303	ADC-238
4304	ADC-239
4305	ADC-24
4306	ADC-240
4307	ADC-241
4308	ADC-242
4309	ADC-243
4310	ADC-244
4311	ADC-245
4312	ADC-246
4313	ADC-247
4314	ADC-248
4315	ADC-249
2354	ADC-25
4316	ADC-250
4317	ADC-251
4318	ADC-252
4319	ADC-253
4320	ADC-254
4321	ADC-255
4322	ADC-256
7391	ADC-257
7392	ADC-258
7393	ADC-259
7394	ADC-260
7395	ADC-261
7396	ADC-262
7397	ADC-263
7398	ADC-264
7399	ADC-265
7400	ADC-266
7401	ADC-267
7402	ADC-268
7403	ADC-269
7404	ADC-270
7405	ADC-271
7406	ADC-272
7407	ADC-273
7408	ADC-274
7409	ADC-275
7410	ADC-276
7411	ADC-277
7412	ADC-278
7413	ADC-279
7414	ADC-280
7415	ADC-281
7416	ADC-282
7417	ADC-283
7418	ADC-284
7419	ADC-285
7420	ADC-286
7421	ADC-287
7422	ADC-288
7423	ADC-289
4324	ADC-29
7424	ADC-290
7425	ADC-291
7426	ADC-292
7427	ADC-293
7428	ADC-294
7429	ADC-295
2336	ADC-3
3315	ADC-30
7430	ADC-302
7431	ADC-303
7432	ADC-304
7433	ADC-305
7434	ADC-306
7435	ADC-307
7436	ADC-308
7437	ADC-309
2355	ADC-31
7438	ADC-310
7439	ADC-311
7440	ADC-312
7441	ADC-313
7442	ADC-314
7443	ADC-315
7444	ADC-316
7445	ADC-317
7446	ADC-318
7447	ADC-319
4325	ADC-32
7448	ADC-320
7449	ADC-321
7450	ADC-322
7451	ADC-323
7452	ADC-324
7453	ADC-325
7454	ADC-326
7455	ADC-327
7456	ADC-328
7457	ADC-329
4326	ADC-33
7458	ADC-330
7459	ADC-331
7460	ADC-332
7461	ADC-333
7462	ADC-334
7463	ADC-335
7464	ADC-336
7465	ADC-337
7466	ADC-338
7467	ADC-339
7468	ADC-340
7469	ADC-341
7470	ADC-342
7471	ADC-343
7472	ADC-344
7473	ADC-345
7474	ADC-346
7475	ADC-347
7476	ADC-348
7477	ADC-349
7478	ADC-350
7479	ADC-351
7480	ADC-352
7481	ADC-353
7482	ADC-354
7483	ADC-355
7484	ADC-356
7485	ADC-357
7486	ADC-358
7487	ADC-359
4327	ADC-38
2356	ADC-39
2337	ADC-4
2357	ADC-41
2358	ADC-42
2359	ADC-43
2360	ADC-44
2338	ADC-5
4329	ADC-51
4330	ADC-52
4331	ADC-53
4332	ADC-54
2361	ADC-56
4333	ADC-57
3316	ADC-58
3317	ADC-59
2339	ADC-6
3318	ADC-60
2362	ADC-61
3331	ADC-62
4334	ADC-63
4335	ADC-65
4336	ADC-66
3332	ADC-67
3013	ADC-68
2340	ADC-7
4337	ADC-70
3333	ADC-73
2363	ADC-74
2364	ADC-75
2365	ADC-76
2366	ADC-77
2367	ADC-78
2368	ADC-79
2341	ADC-8
4338	ADC-80
2370	ADC-81
2371	ADC-82
4339	ADC-83
4340	ADC-84
4341	ADC-85
4342	ADC-86
4343	ADC-87
4344	ADC-88
4345	ADC-89
4346	ADC-90
4347	ADC-91
4348	ADC-92
4349	ADC-93
4350	ADC-94
4351	ADC-95
4352	ADC-96
4353	ADC-97
4354	ADC-98
4355	ADC-99
1313	adeA
866	adeB
337	adeC
153	adeF
1226	adeG
542	adeH
1471	adeI
630	adeJ
1664	adeK
2654	adeL
1880	adeN
456	adeR
183	adeS
1149	AER-1
4356	AFM-1
4357	AFM-2
7488	AFM-3
7489	AFM-4
7490	AFM-5
2890	Afab_ACT_CHL
707	AIM-1
7491	AIM-2
4358	ALG11-1
4359	ALG6-1
4360	ALI-1
4361	ALI-2
2891	Acla_ACT_CHL
5928	almE
5927	almF
2878	almG
1542	amrA
476	amrB
6013	AMZ-1
4362	ANA-1
1372	ANT(2'')-Ia
3802	ANT(3'')-Ib
2752	ANT(3'')-IIa
339	ANT3II_ANT6II
2754	ANT(3'')-IIb
2755	ANT(3'')-IIc
1737	ANT(4')-Ia
2383	ANT(4')-Ib
1266	ANT(4')-IIa
1329	ANT(4')-IIb
914	ANT(6)-Ia
1113	ANT(6)-Ib
1386	ANT(9)-Ia
5905	ANT(9)-Ib
5967	ANT(9)-Ic
137	APH(2'')-Ie
2837	APH(2'')-If
903	APH(2'')-Ig
1615	APH(2'')-IIa
1013	APH(2'')-IIIa
384	APH(2'')-IVa
1923	APH(3'')-Ia
291	APH(3')-Ia
1830	APH(3'')-Ib
835	APH(3')-Ib
2052	APH(3'')-Ic
2114	APH(3')-IIa
954	APH(3')-IIb
1018	APH(3')-IIc
1332	APH(3')-IIIa
1260	APH(3')-IVa
2751	APH(3')-IXa
38	APH(3')-Va
1548	APH(3')-Vb
687	APH(3')-Vc
1121	APH(3')-VIa
3759	APH(3')-VIb
251	APH(3')-VIIa
3379	APH(3')-VIIIa
2750	APH(3')-VIIIb
205	APH(4)-Ia
1681	APH(4)-Ib
1500	APH(6)-Ia
880	APH(6)-Ib
892	APH(6)-Ic
1031	APH(6)-Id
706	APH(7'')-Ia
252	APH(9)-Ia
1059	APH(9)-Ib
5975	APH(9)-Ic
3374	aphA15
2395	apmA
1711	AQU-1
3346	AQU-2
3347	AQU-3
3549	ARL-1
3550	ARL-2
3551	ARL-3
3552	ARL-4
3553	ARL-5
3554	ARL-6
1390	arlR
182	arlS
1405	armA
2688	ArmR
1643	arnA
3795	ArnT
1950	arr-1
1116	arr-2
743	arr-3
173	arr-4
547	arr-5
736	arr-7
133	arr-8
3555	AST-1
7492	ASU1-1
4363	AXC-1
4364	AXC-2
4365	AXC-3
4366	AXC-4
4367	AXC-5
7493	AXC-6
7494	AXC-7
7495	AXC-8
2797	AxyX
2799	AxyY
2798	AxyZ
7496	B3SU1-1
7497	B3SU2-1
1820	bacA
2002	Bpum_cat86
1558	Bsub_mprF
2293	Bsub_pgsA_DAP
5767	Bsub_rpoB_RIF
5969	Bsub_rpsE_SPT
1337	baeR
986	baeS
2521	BahA
984	Bbac_gyrA_FLO
1360	Bbac_gyrA_AMU
632	basR
249	basS
3558	BAT-1
720	BcI
1336	BcII
5775	BcIII
3559	BCL-1
2303	bcr-1
345	bcrA
944	bcrB
215	bcrC
1008	BEL-1
1303	BEL-2
1914	BEL-3
4368	BEL-4
3560	BES-1
3561	BIC-1
7498	BIC-2
2914	Bado_rpoB_RIF
2278	Bbif_ileS_MUP
3562	BIL-1
6074	BIM-1
1942	BJP-1
3563	BKC-1
4369	BKC-2
1338	Bla1
2836	Bla2
4370	BlaB-1
4371	BlaB-10
4372	BlaB-11
4373	BlaB-12
4374	BlaB-13
4375	BlaB-14
4376	BlaB-15
4377	BlaB-16
4378	BlaB-17
4379	BlaB-18
4380	BlaB-19
4381	BlaB-2
4382	BlaB-20
4383	BlaB-22
4384	BlaB-23
4385	BlaB-24
4386	BlaB-25
4387	BlaB-26
4388	BlaB-27
4389	BlaB-28
4390	BlaB-29
4391	BlaB-3
4392	BlaB-30
4393	BlaB-31
4394	BlaB-32
4395	BlaB-33
4396	BlaB-34
4397	BlaB-35
4398	BlaB-36
4399	BlaB-38
4400	BlaB-39
4401	BlaB-5
4402	BlaB-6
4403	BlaB-7
4404	BlaB-8
4405	BlaB-9
5800	blaC
395	blaF
1374	blaI
2063	blaR1
3839	blaS1
3789	BLMT
1975	blt
7499	BMHC-1
1256	bmr
7500	BOR-1
2143	Bbur_16S_GEN
2127	Bbur_16S_KAN
2154	Bbur_16S_SPT
2286	Bbur_mur_FOF
3564	BPU-1
2833	Bhyo_23S_TYL
3565	BRO-1
3566	BRO-2
255	BRP(MBL)
2281	Bsui_mprF
4406	BSU-1
3656	Bdol_gyrA_FLO
2786	Bpse_Omp38
2846	BUT-1
4407	BUT-2
5981	CAE-1
3266	CAM-1
7501	CAM-2
2893	Ccol_ACT_CHL
3252	Cjej_23S_ERY
2294	Cjej_gyrA_FLO
2407	Cgin_gyrA_FLO
4408	CAR-1
928	carA
1363	CARB-1
1478	CARB-10
4409	CARB-11
1486	CARB-12
368	CARB-14
533	CARB-16
1094	CARB-17
2039	CARB-18
513	CARB-19
1811	CARB-2
2110	CARB-20
906	CARB-21
1201	CARB-22
333	CARB-23
4410	CARB-24
4411	CARB-25
4412	CARB-26
4413	CARB-27
4414	CARB-28
4415	CARB-29
467	CARB-3
4416	CARB-30
4417	CARB-31
4418	CARB-32
4419	CARB-33
4420	CARB-34
4421	CARB-35
4422	CARB-36
4423	CARB-38
105	CARB-4
4424	CARB-40
4425	CARB-41
4426	CARB-42
4427	CARB-43
4428	CARB-44
4429	CARB-45
4430	CARB-46
4431	CARB-47
4432	CARB-48
4433	CARB-49
10	CARB-5
4434	CARB-50
4435	CARB-51
4436	CARB-52
4437	CARB-53
4438	CARB-54
4439	CARB-55
6027	CARB-56
6060	CARB-57
6061	CARB-58
641	CARB-6
1443	CARB-7
1661	CARB-8
780	CARB-9
2307	carO
763	catA1
3357	catA4
3358	catA8
628	catB10
3360	catB11
712	catB2
150	catB3
446	catB8
106	catB9
1295	catII
3355	Ecol_catII
1580	catIII
477	catP
1633	catQ
1047	catS
2520	CatU
2873	catV
1109	CAU-1
2	CblA-1
3567	CBP-1
1381	CcrA
5987	CDA-1
4440	CDD-1
4441	CDD-2
2321	cdeA
1719	ceoA
1252	ceoB
1677	cepA
4442	CepA-29
4443	CepA-44
4444	CepA-49
299	CepS
636	CFE-1
2901	CFE-2
4445	CfiA10
4446	CfiA11
4447	CfiA14
4448	CfiA17
4449	CfiA18
4450	CfiA19
4451	CfiA2
4452	CfiA21
4453	CfiA22
4454	CfiA23
4455	CfiA24
4456	CfiA26
4457	CfiA27
8516	CfiA28
8517	CfiA29
8518	CfiA30
8519	CfiA31
4458	CfiA4
4459	CfiA8
4460	CfiA9
696	cfrA
3348	cfr(B)
2800	cfrC
3763	cfr(D)
5914	cfrE
741	CfxA
174	CfxA2
1895	CfxA3
294	CfxA4
833	CfxA5
268	CfxA6
3568	CGA-1
871	CGB-1
2820	Ctra_23S_MAC
2291	Ctra_murA_FOF
2482	Crei_16rrnS_STR
2793	Crei_23S_ERY
2093	Cpsi_16S_SPT
6073	CHM-1
305	chrB
237	Cmen_BlaB
3570	CIA-1
3571	CIA-2
3572	CIA-3
3573	CIA-4
6063	CIM-1
2386	cipA
3574	CKO-1
571	clbA
127	clbB
1642	clbC
3300	clcD
3353	Cdif_23S_MULT
5982	cplR
2124	Cdif_EFTu_ELF
2550	Cdif_gyrA_FLO
3268	Cdif_gyrB_FLO
3267	Cdif_murG_VAN
6003	CdnimB
3269	Cdif_rpoB_RIF
3380	Cdif_rpoC_VAN
492	Cbut_catB
2282	Cper_mprF
5983	Cper_cplR
5984	Cspo_cplR
4461	CMA-1
4462	CMA-2
3575	CME-1
4463	CME-2
7502	CME-3
1181	cmeA
748	cmeB
798	cmeC
1232	cmeR
3576	CMH-1
7503	CMH-10
7504	CMH-11
7505	CMH-12
7506	CMH-13
7507	CMH-14
7508	CMH-15
7509	CMH-16
7510	CMH-17
7511	CMH-18
7512	CMH-19
4464	CMH-2
7513	CMH-20
7514	CMH-21
7515	CMH-24
7516	CMH-25
7517	CMH-26
7518	CMH-27
7519	CMH-28
7520	CMH-29
4465	CMH-3
7521	CMH-30
7522	CMH-31
7523	CMH-32
7524	CMH-33
7525	CMH-34
4466	CMH-4
4467	CMH-5
4468	CMH-6
7526	CMH-7
7527	CMH-8
7528	CMH-9
1037	cmlA1
971	cmlA4
245	cmlA5
1435	cmlA6
3365	cmlA8
3786	cmlA9
486	cmlB
1038	cmlB1
703	cmlv
1744	cmrA
1366	cmx
20	CMY-1
812	CMY-10
221	CMY-100
1364	CMY-101
1029	CMY-102
1747	CMY-103
658	CMY-104
208	CMY-105
2082	CMY-106
4469	CMY-106
3892	CMY-107
1504	CMY-108
4470	CMY-109
1375	CMY-11
281	CMY-110
1638	CMY-111
1454	CMY-112
775	CMY-113
46	CMY-114
1268	CMY-115
705	CMY-116
844	CMY-117
308	CMY-118
1796	CMY-119
1877	CMY-12
3931	CMY-121
3916	CMY-122
3913	CMY-124
3914	CMY-125
3937	CMY-127
3935	CMY-128
3936	CMY-129
525	CMY-13
3940	CMY-130
2067	CMY-131
4471	CMY-131
3577	CMY-132
3578	CMY-133
3890	CMY-134
3579	CMY-135
3652	CMY-136
4472	CMY-137
3942	CMY-138
3907	CMY-139
1089	CMY-14
3901	CMY-140
3912	CMY-141
3911	CMY-142
3891	CMY-143
3941	CMY-144
3915	CMY-145
3897	CMY-146
3896	CMY-147
3908	CMY-148
3906	CMY-149
1650	CMY-15
3760	CMY-150
3934	CMY-151
3932	CMY-152
3939	CMY-153
3910	CMY-154
3919	CMY-155
3898	CMY-156
3917	CMY-157
3893	CMY-158
4473	CMY-159
1535	CMY-16
3899	CMY-160
3903	CMY-161
3900	CMY-162
3909	CMY-163
3902	CMY-164
3904	CMY-165
3905	CMY-166
4474	CMY-167
4475	CMY-168
4476	CMY-169
1103	CMY-17
4477	CMY-170
3918	CMY-171
7529	CMY-172
3894	CMY-173
4478	CMY-174
7530	CMY-175
7531	CMY-176
7532	CMY-177
7533	CMY-178
7534	CMY-179
1433	CMY-18
7535	CMY-180
7536	CMY-181
7537	CMY-182
7538	CMY-183
7539	CMY-184
6014	CMY-185
7540	CMY-186
7541	CMY-188
7542	CMY-189
1129	CMY-19
7543	CMY-190
7544	CMY-191
7545	CMY-192
7546	CMY-194
7547	CMY-195
7548	CMY-196
7549	CMY-197
7550	CMY-198
7551	CMY-199
600	CMY-2
840	CMY-20
256	CMY-21
1543	CMY-22
972	CMY-23
771	CMY-24
176	CMY-25
1373	CMY-26
672	CMY-27
495	CMY-28
460	CMY-29
1228	CMY-30
1691	CMY-31
790	CMY-32
719	CMY-33
1926	CMY-34
309	CMY-35
2134	CMY-36
1489	CMY-37
1613	CMY-38
167	CMY-39
271	CMY-4
745	CMY-40
1086	CMY-41
62	CMY-42
664	CMY-43
839	CMY-44
1516	CMY-45
1170	CMY-46
1915	CMY-47
98	CMY-48
1501	CMY-49
2065	CMY-5
911	CMY-50
340	CMY-51
1236	CMY-53
680	CMY-54
88	CMY-55
95	CMY-56
1704	CMY-57
854	CMY-58
1840	CMY-59
1409	CMY-6
288	CMY-60
864	CMY-61
1407	CMY-62
1147	CMY-63
1591	CMY-64
261	CMY-65
695	CMY-66
1864	CMY-67
1668	CMY-68
963	CMY-69
1988	CMY-7
64	CMY-70
550	CMY-71
1247	CMY-72
1585	CMY-73
889	CMY-74
683	CMY-75
2018	CMY-76
996	CMY-77
1634	CMY-78
94	CMY-79
269	CMY-8
757	CMY-80
1178	CMY-81
1990	CMY-82
364	CMY-83
2027	CMY-84
283	CMY-85
1140	CMY-86
1829	CMY-87
3938	CMY-89
4479	CMY-8b
136	CMY-9
894	CMY-90
1756	CMY-93
1163	CMY-94
301	CMY-95
3920	CMY-96
3933	CMY-97
297	CMY-98
1593	CMY-99
3337	Cstr_tetA
2529	cpaA
5768	cph
1428	cphA2
1687	cphA3
803	cphA4
1605	cphA5
1949	cphA6
143	cphA7
1498	cphA8
3803	cprR
3804	cprS
2231	CPS-1
152	cpxA
3792	CrcB
4480	CRD3-1
4481	CRH-1
4482	CRH-2
4483	CRH-3
869	CRP
4484	CRP-1
5788	crxA
4485	CSA-1
4486	CSA-2
4487	CSP-1
420	CTX-M-1
1946	CTX-M-10
717	CTX-M-100
307	CTX-M-101
838	CTX-M-102
1440	CTX-M-103
2022	CTX-M-104
1182	CTX-M-105
1774	CTX-M-106
279	CTX-M-107
847	CTX-M-108
1292	CTX-M-109
280	CTX-M-11
1287	CTX-M-110
1884	CTX-M-111
130	CTX-M-112
939	CTX-M-113
1057	CTX-M-114
1769	CTX-M-115
1867	CTX-M-116
551	CTX-M-117
1779	CTX-M-12
25	CTX-M-121
591	CTX-M-122
689	CTX-M-123
1145	CTX-M-124
282	CTX-M-125
246	CTX-M-126
4488	CTX-M-127
2010	CTX-M-129
1457	CTX-M-13
7	CTX-M-130
896	CTX-M-131
1357	CTX-M-132
1815	CTX-M-134
1910	CTX-M-136
671	CTX-M-137
4489	CTX-M-138
908	CTX-M-139
841	CTX-M-14
4490	CTX-M-140
1064	CTX-M-141
878	CTX-M-142
4491	CTX-M-143
1768	CTX-M-144
4492	CTX-M-146
380	CTX-M-147
1944	CTX-M-148
2035	CTX-M-15
4493	CTX-M-150
362	CTX-M-151
1616	CTX-M-152
4494	CTX-M-153
4495	CTX-M-154
31	CTX-M-155
1620	CTX-M-156
1251	CTX-M-157
817	CTX-M-158
329	CTX-M-159
1606	CTX-M-16
1947	CTX-M-160
3773	CTX-M-161
3774	CTX-M-162
3775	CTX-M-163
3776	CTX-M-164
3777	CTX-M-165
3778	CTX-M-166
4496	CTX-M-167
4497	CTX-M-168
4498	CTX-M-169
1906	CTX-M-17
4499	CTX-M-170
4500	CTX-M-171
4501	CTX-M-172
4502	CTX-M-173
4503	CTX-M-174
4504	CTX-M-175
4505	CTX-M-176
4506	CTX-M-177
4507	CTX-M-178
4508	CTX-M-179
4509	CTX-M-180
4510	CTX-M-181
4511	CTX-M-182
4512	CTX-M-183
4513	CTX-M-184
4514	CTX-M-185
4515	CTX-M-186
4516	CTX-M-187
4517	CTX-M-188
4518	CTX-M-189
189	CTX-M-19
4519	CTX-M-190
4520	CTX-M-191
4521	CTX-M-192
4522	CTX-M-193
4523	CTX-M-194
4524	CTX-M-195
4525	CTX-M-196
4526	CTX-M-197
4527	CTX-M-198
4528	CTX-M-199
1648	CTX-M-2
568	CTX-M-20
4529	CTX-M-200
4530	CTX-M-201
4531	CTX-M-202
4532	CTX-M-203
4533	CTX-M-204
4534	CTX-M-205
4535	CTX-M-206
4536	CTX-M-207
4537	CTX-M-208
4538	CTX-M-209
1101	CTX-M-21
4539	CTX-M-210
4540	CTX-M-211
4541	CTX-M-212
4542	CTX-M-213
4543	CTX-M-214
4544	CTX-M-215
4545	CTX-M-216
4546	CTX-M-217
4547	CTX-M-218
4548	CTX-M-219
1044	CTX-M-22
4549	CTX-M-220
4550	CTX-M-221
4551	CTX-M-222
4552	CTX-M-223
4553	CTX-M-224
4554	CTX-M-225
4555	CTX-M-226
4556	CTX-M-227
4557	CTX-M-228
4558	CTX-M-229
1755	CTX-M-23
4559	CTX-M-230
4560	CTX-M-231
4561	CTX-M-232
4562	CTX-M-233
4563	CTX-M-234
4564	CTX-M-235
4565	CTX-M-236
4566	CTX-M-237
4567	CTX-M-238
4568	CTX-M-239
175	CTX-M-24
4569	CTX-M-240
4570	CTX-M-241
4571	CTX-M-242
7552	CTX-M-243
4572	CTX-M-244
7553	CTX-M-245
7554	CTX-M-246
7555	CTX-M-247
7556	CTX-M-248
7557	CTX-M-249
367	CTX-M-25
7558	CTX-M-251
7559	CTX-M-252
7560	CTX-M-253
7561	CTX-M-254
7562	CTX-M-255
7563	CTX-M-256
7564	CTX-M-257
7565	CTX-M-258
7566	CTX-M-259
1371	CTX-M-26
7567	CTX-M-260
7568	CTX-M-261
7569	CTX-M-262
7570	CTX-M-263
7571	CTX-M-264
7572	CTX-M-265
7573	CTX-M-266
7574	CTX-M-267
7575	CTX-M-268
7576	CTX-M-269
1825	CTX-M-27
7577	CTX-M-270
7578	CTX-M-271
7579	CTX-M-272
7580	CTX-M-273
7581	CTX-M-274
7582	CTX-M-275
7583	CTX-M-276
7584	CTX-M-277
7585	CTX-M-278
1202	CTX-M-28
1930	CTX-M-29
1317	CTX-M-3
463	CTX-M-30
799	CTX-M-31
1586	CTX-M-32
1230	CTX-M-33
666	CTX-M-34
321	CTX-M-35
316	CTX-M-36
2017	CTX-M-37
192	CTX-M-38
1152	CTX-M-39
987	CTX-M-4
694	CTX-M-40
567	CTX-M-41
92	CTX-M-42
1936	CTX-M-43
1473	CTX-M-44
1738	CTX-M-45
1254	CTX-M-46
532	CTX-M-47
754	CTX-M-48
708	CTX-M-49
1675	CTX-M-5
131	CTX-M-50
1901	CTX-M-51
1331	CTX-M-52
1632	CTX-M-53
1021	CTX-M-54
762	CTX-M-55
197	CTX-M-56
195	CTX-M-58
1837	CTX-M-59
1229	CTX-M-6
1377	CTX-M-60
976	CTX-M-61
2032	CTX-M-62
1563	CTX-M-63
1127	CTX-M-64
668	CTX-M-65
1729	CTX-M-66
1272	CTX-M-67
819	CTX-M-68
503	CTX-M-69
1082	CTX-M-7
1631	CTX-M-71
1855	CTX-M-72
4573	CTX-M-73
1400	CTX-M-74
1848	CTX-M-75
466	CTX-M-76
949	CTX-M-77
1459	CTX-M-78
1656	CTX-M-79
729	CTX-M-8
1297	CTX-M-80
713	CTX-M-81
512	CTX-M-82
1998	CTX-M-83
1604	CTX-M-84
1304	CTX-M-85
1017	CTX-M-86
800	CTX-M-87
225	CTX-M-88
2005	CTX-M-89
510	CTX-M-9
1688	CTX-M-90
1846	CTX-M-91
1391	CTX-M-92
905	CTX-M-93
459	CTX-M-94
1627	CTX-M-95
1250	CTX-M-96
4574	CTX-M-97
702	CTX-M-98
884	CTX-M-99
2155	Cacn_16S_TET
2462	Cacn_gyrA_FLO
4575	CVI-1
2436	ddl
3580	DES-1
4085	dfr22
1992	dfrA1
1497	dfrA10
1139	dfrA12
114	dfrA13
1592	dfrA14
2051	dfrA15
3339	dfrA15b
598	dfrA16
1142	dfrA17
3270	dfrA18
875	dfrA19
601	dfrA20
157	dfrA21
1356	dfrA22
787	dfrA23
263	dfrA24
524	dfrA25
654	dfrA26
3258	dfrA27
3259	dfrA28
3262	dfrA29
511	dfrA3
3260	dfrA30
3819	dfrA31
3263	dfrA32
4078	DfrA34
3887	dfrA35
4080	DfrA36
4079	DfrA37
4081	DfrA38
4083	DfrA39
3342	dfrA3b
1582	dfrA5
3255	dfrA6
3343	Pmir_dfrA6
2053	dfrA7
403	dfrA8
3256	dfrA9
714	dfrB1
5958	dfrB10
5959	dfrB11
1971	dfrB2
1039	dfrB3
3076	dfrB4
3257	dfrB5
710	dfrB6
3264	dfrB7
4082	DfrB9
1397	dfrC
474	dfrD
1544	dfrE
5	dfrF
448	dfrG
3344	dfrI
1913	dfrK
5947	dfrL
868	DHA-1
1883	DHA-10
846	DHA-12
1207	DHA-13
1793	DHA-14
32	DHA-15
423	DHA-16
829	DHA-17
1472	DHA-18
180	DHA-19
315	DHA-2
1792	DHA-20
1649	DHA-21
1071	DHA-22
4576	DHA-23
4577	DHA-24
4578	DHA-25
4579	DHA-26
4580	DHA-27
4581	DHA-28
4582	DHA-29
2015	DHA-3
7586	DHA-30
7587	DHA-31
7588	DHA-32
7589	DHA-33
7590	DHA-34
4583	DHA-4
1695	DHA-5
1418	DHA-6
622	DHA-7
3581	DHA-9
4584	DHT2-1
1718	DIM-1
2830	DnaA
6075	DYB-1
4585	EAM-1
2268	eatAv
1119	EBR-1
2900	EBR-2
4586	EBR-3
4587	EBR-4
5931	EBR-5
4588	EC-13
4589	EC-14
4590	EC-15
4591	EC-16
4592	EC-18
4593	EC-19
4594	EC-5
4595	EC-8
4596	ECM-1
4597	ECV-1
2697	EdeQ
4598	EFM-1
2426	efmA
2427	efpA
2421	efrA
2422	efrB
4599	ELM-1
618	emeA
1757	emrA
1847	emrB
1974	emrD
609	emrK
1330	emrR
540	emrY
3368	emtA
2092	Kaer_acrR_MULT
2660	Eclo_acrA
538	Eclo_rob
2897	Efae_ACT_CHL
2272	Efae_cls_DAP
2312	Efae_drmA_DAP
2302	Efae_gdpD_DAP
2305	Efae_gshF_DAP
953	Efae_liaF_DAP
2297	Efae_liaR_DAP
2296	Efae_liaS_DAP
2313	Efae_YvlB_DAP
2301	Efae_YybT_DAP
2895	Efac_ACT_CHL
1175	Efac_cls_DAP
2108	Efac_EFTu_GE2A
2295	Efac_liaF_DAP
756	Efac_liaR_DAP
1108	Efac_liaS_DAP
516	eptA
3791	eptB
991	EreA
1518	EreA2
1921	EreB
3305	EreD
1224	Erm(30)
1156	Erm(31)
3294	erm(32)
1751	Erm(33)
11	Erm(34)
1434	Erm(35)
888	Erm(36)
468	Erm(37)
1097	Erm(38)
1701	Erm(39)
3304	erm(40)
2013	Erm(41)
697	Erm(42)
1546	Erm(43)
2445	Erm(44)v
3296	erm(45)
3297	erm(46)
2387	Erm(47)
3291	Erm(48)
3324	Erm(49)
5762	Erm(50)
5746	Erm(51)
5742	Erm(52)
5988	erm(56)
985	ErmA
1549	ErmB
881	ErmC
1117	ErmD
109	ErmE
621	ErmF
989	ErmG
1193	ErmH
3341	Erm(K)
260	ErmN
3351	Erm(O)-lrm
1045	ErmO-srmA
303	ErmQ
1612	ErmR
727	ErmS
1275	ErmT
356	ErmU
1188	ErmV
1714	ErmW
950	ErmX
1797	ErmY
3303	ermZ
3582	ERP-1
5976	Erhu_gyrA_ENR
2068	Ecol_16S_EDN
2085	Ecol_16S_SPT
2146	Ecol_16S_STR
2086	Ecol_16S_TET
2073	Ecol_16S_G418
2157	Ecol_16S_GENC
2136	Ecol_16rrsB_KAN
2069	Ecol_16rrsB_NEO
2097	Ecol_16rrsB_PAR
2129	Ecol_16rrsB_SPT
2140	Ecol_16rrsB_STR
2145	Ecol_16rrsB_TET
2113	Ecol_16rrsB_TOB
2096	Ecol_16rrsC_KAS
2080	Ecol_16rrsH_SPT
2841	Ecol_23S_CHL
2807	Ecol_23S_CLR
2806	Ecol_23S_CLI
2802	Ecol_23S_MULT
2819	Ecol_23S_OXZ
2661	Ecol_acrA
2306	Ecol_AcrR_MULT
431	Ecol_MarR_MULT
2843	Ecol_ampC_BLA
2764	Ecol_CpxR
2379	Ecol_cyaA_FOF
2378	Ecol_cyaA_FOF
2147	Ecol_EFTu_ENC
2137	Ecol_EFTu_KIR
2158	Ecol_EFTu_PLV
2656	Ecol_emrE
2681	Ecol_fabG_TRC
2666	Ecol_fabI_MULT
29	Ecol_folP_SLF
2372	Ecol_GlpT_FOF
1545	Ecol_gyrA_FLO
2851	Ecol_gyrA_TRC
111	Ecol_gyrB_AMU
2788	Ecol_LamB
37	Ecol_mdfA
2789	Ecol_mipA
2284	Ecol_murA_FOF
2267	Ecol_nfsA_NIT
2269	Ecol_nfsB_NIT
3	Ecol_ompF_BLA
1450	Ecol_parC_FLO
1055	Ecol_parE_FLO
5925	Ecol_PBP3_BLA
2377	Ecol_PtsI_FOF
2776	Ecol_rob
627	Ecol_rpoB_RIF
1005	Ecol_soxR_MULT
2066	Ecol_soxS_MULT
2376	Ecol_uhpA_FOF
2374	Ecol_uhpA_FOF
2373	Ecol_UhpT_FOF
2232	ESP-1
5948	EstT
1015	evgA
1318	evgS
4600	EVM-1
1480	EXO-1
1469	facT
3583	FAR-1
2428	farA
2429	farB
907	fexA
5733	fexB
322	FEZ-1
4601	FIA-1
3584	FIM-1
3772	FLC-1
522	floR
206	FomA
1850	FomB
3585	FONA-1
7591	FONA-10
7592	FONA-11
7593	FONA-12
7594	FONA-13
3586	FONA-2
3587	FONA-3
3588	FONA-4
3589	FONA-5
3590	FONA-6
7595	FONA-7
7596	FONA-8
7597	FONA-9
1222	FosA
35	FosA2
834	FosA3
1979	FosA4
112	fosA5
2779	FosA6
2780	FosA7
3886	FosA7.5
5899	FosA8
1567	FosB
3369	FosB1
3832	FosB2
1460	FosB3
3370	FosB4
3371	FosB5
3372	FosB6
5900	FosBx1
1215	FosC
2060	FosC2
3373	FosD
5896	FosG
5897	FosH
5898	FosI
1703	FosK
3765	FosL1
5772	FosM1
5773	FosM2
5774	FosM3
129	FosX
5895	FosXCC
5765	FosY
509	FOX-1
422	FOX-10
4602	FOX-12
4603	FOX-13
4604	FOX-14
4605	FOX-15
4606	FOX-16
4607	FOX-17
7598	FOX-18
7599	FOX-19
764	FOX-2
7600	FOX-20
7601	FOX-21
81	FOX-3
1726	FOX-4
1249	FOX-5
582	FOX-7
1123	FOX-8
990	FOX-9
3591	FPH-1
3592	FRI-1
4608	FRI-10
5979	FRI-11
7602	FRI-12
3593	FRI-2
3594	FRI-3
3766	FRI-4
3767	FRI-5
3768	FRI-6
3769	FRI-7
3770	FRI-8
3771	FRI-9
3595	FTU-1
24	fusB
2250	fusC
2248	fusD
3364	FusF
75	fusH
2324	gadW
91	gadX
941	GES-1
929	GES-10
725	GES-11
207	GES-12
761	GES-13
181	GES-14
1431	GES-15
1277	GES-16
327	GES-17
1676	GES-18
1463	GES-19
1537	GES-2
983	GES-20
65	GES-21
545	GES-22
1253	GES-23
1736	GES-24
4609	GES-25
1818	GES-26
4610	GES-27
4611	GES-28
4612	GES-29
223	GES-3
4613	GES-30
4614	GES-31
4615	GES-32
4616	GES-33
4617	GES-34
4618	GES-35
4619	GES-36
4620	GES-37
4621	GES-38
4622	GES-39
648	GES-4
4623	GES-40
4624	GES-41
4625	GES-42
4626	GES-43
4627	GES-44
4628	GES-45
4629	GES-46
6049	GES-47
6050	GES-48
6051	GES-49
1353	GES-5
6052	GES-50
6053	GES-51
6054	GES-52
6055	GES-53
6056	GES-54
6057	GES-55
6058	GES-56
6059	GES-57
7603	GES-58
7604	GES-59
1828	GES-6
7605	GES-60
7606	GES-61
7607	GES-62
7608	GES-65
7609	GES-66
483	GES-7
932	GES-8
480	GES-9
4630	GIL-1
84	GIM-1
1623	GIM-2
7610	GIM-3
1994	gimA
7611	GMA-1
7612	GMA-2
4631	GMB-1
815	GOB-1
3596	GOB-10
3597	GOB-11
3598	GOB-12
3599	GOB-13
3600	GOB-14
3601	GOB-15
3602	GOB-16
7613	GOB-17
2839	GOB-18
4632	GOB-19
3603	GOB-2
4633	GOB-20
4634	GOB-21
4635	GOB-22
4636	GOB-23
4637	GOB-24
4638	GOB-25
4639	GOB-26
4640	GOB-27
4641	GOB-28
4642	GOB-29
3604	GOB-3
4643	GOB-30
4644	GOB-31
4645	GOB-32
4646	GOB-33
4647	GOB-34
4648	GOB-35
4649	GOB-36
4650	GOB-37
4651	GOB-38
4652	GOB-39
3605	GOB-4
4653	GOB-40
4654	GOB-41
4655	GOB-42
4656	GOB-43
4657	GOB-44
4658	GOB-45
4659	GOB-46
7614	GOB-47
4660	GOB-48
4661	GOB-49
3606	GOB-5
4662	GOB-50
4663	GOB-51
7615	GOB-52
7616	GOB-53
3607	GOB-6
3608	GOB-7
3609	GOB-8
3610	GOB-9
44	golS
3828	GPC-1
4664	GRD23-1
4665	GRD33-1
2886	Hinf_PBP3_BLA
2401	Hpin_gyrA_FLO
2402	Hpin_parC_FLO
2825	Hhal_23S_CHL
2476	Hsal_16S_PAC
7617	HBL-1
2478	Hpyl_16S_TET
2794	Hpyl_23S_CLR
5759	Hpyl_fxrA_MTZ
5752	Hpyl_gyrA_FLO
5753	Hpyl_gyrB_FLO
5758	Hpyl_pbp1_AMX
5757	Hpyl_pbp2_AMX
5756	Hpyl_pbp3_AMX
5755	Hpyl_rdxA_MTZ
5750	Hpyl_rpoB_RIF
5819	HelR
7618	HER-1
7619	HER-2
7620	HER-3
7621	HER-4
7622	HER-5
7623	HER-6
7624	HER-8
2753	HMB-1
7625	HMB-2
2425	hmrM
1248	H-NS
2430	hp1181
2431	hp1184
2902	ICR-Mc
3271	ICR-Mo
3756	IDC-1
3757	IDC-2
1956	IMI-1
7626	IMI-10
4666	IMI-12
4667	IMI-13
4668	IMI-14
4669	IMI-15
4670	IMI-16
4671	IMI-17
4672	IMI-18
4673	IMI-19
606	IMI-2
4674	IMI-20
4675	IMI-21
7627	IMI-22
7628	IMI-23
7629	IMI-24
7630	IMI-25
7631	IMI-26
7632	IMI-27
1842	IMI-3
1383	IMI-4
4676	IMI-5
4677	IMI-6
1120	IMI-7
3617	IMI-8
4678	IMI-9
232	imiH
278	imiS
341	IMP-1
1310	IMP-10
7633	IMP-100
7634	IMP-101
7635	IMP-102
7636	IMP-104
7637	IMP-105
731	IMP-11
144	IMP-12
1630	IMP-13
1023	IMP-14
1456	IMP-15
862	IMP-16
4679	IMP-17
1749	IMP-18
170	IMP-19
19	IMP-2
1652	IMP-20
1019	IMP-21
564	IMP-22
4680	IMP-23
1746	IMP-24
778	IMP-25
330	IMP-26
2006	IMP-27
1514	IMP-28
479	IMP-29
1404	IMP-3
1081	IMP-30
1362	IMP-31
1932	IMP-32
169	IMP-33
793	IMP-34
1069	IMP-35
1076	IMP-37
1522	IMP-38
4681	IMP-39
1179	IMP-4
1479	IMP-40
1712	IMP-41
85	IMP-42
789	IMP-43
1723	IMP-44
1964	IMP-45
4682	IMP-46
673	IMP-48
3618	IMP-49
506	IMP-5
177	IMP-51
3619	IMP-52
4683	IMP-53
4684	IMP-54
3014	IMP-55
3015	IMP-56
4685	IMP-58
4686	IMP-59
1091	IMP-6
4687	IMP-60
4688	IMP-61
4689	IMP-62
4690	IMP-63
4691	IMP-64
4692	IMP-65
4693	IMP-66
4694	IMP-67
3762	IMP-68
4695	IMP-69
1426	IMP-7
4696	IMP-70
4697	IMP-71
4698	IMP-73
4699	IMP-74
4700	IMP-75
4701	IMP-76
4702	IMP-77
4703	IMP-78
4704	IMP-79
934	IMP-8
4705	IMP-80
4706	IMP-81
4707	IMP-82
4708	IMP-83
4709	IMP-84
4710	IMP-85
7638	IMP-86
7639	IMP-87
4711	IMP-88
4712	IMP-89
1982	IMP-9
7640	IMP-90
5949	IMP-91
5951	IMP-92
5952	IMP-93
5953	IMP-94
5954	IMP-95
5950	IMP-96
7641	IMP-97
7642	IMP-98
7643	IMP-99
1009	IND-1
886	IND-10
304	IND-11
1444	IND-12
858	IND-14
1284	IND-15
4713	IND-16
5955	IND-17
7644	IND-18
7645	IND-19
311	IND-2
1349	IND-2a
670	IND-3
1734	IND-4
1306	IND-5
590	IND-6
124	IND-7
2042	IND-8
1455	IND-9
6005	IreK
796	iri
222	JOHN-1
2770	kamB
5818	KBL-1
5918	kdpD
2331	kdpE
1812	KHM-1
7646	KHM-2
1441	Kaer_Omp36
1320	Kleb_PhoP_CST
2659	Kpne_acrA
1989	Kpne_acrR_MULT
3283	Kpne_KpnE
3286	Kpne_KpnF
3298	Kpne_KpnG
3299	Kpne_KpnH
5923	Kpne_lamB_CZA
5816	Kpne_PhoQ_CST
2432	Kpne_OmpK35
2434	Kpne_OmpK36
2785	Kpne_OmpK37
5924	Kpne_PBP3_BLA
597	Kpne_ramR
4714	KLUC-1
4715	KLUC-2
4716	KLUC-3
4717	KLUC-4
4718	KLUC-5
7647	KLUC-6
7648	KLUG-1
16	KPC-10
5937	KPC-100
7649	KPC-101
7650	KPC-102
7651	KPC-103
7652	KPC-104
7653	KPC-105
7654	KPC-106
7655	KPC-107
7656	KPC-108
7657	KPC-109
769	KPC-11
7658	KPC-110
7659	KPC-111
7660	KPC-112
7661	KPC-113
7662	KPC-114
7663	KPC-115
7664	KPC-116
7665	KPC-117
7666	KPC-118
7667	KPC-119
1177	KPC-12
7668	KPC-120
7669	KPC-121
7670	KPC-122
5811	KPC-123
7671	KPC-124
5980	KPC-125
7672	KPC-126
7673	KPC-127
7674	KPC-128
7675	KPC-129
1851	KPC-13
7676	KPC-130
7677	KPC-131
7678	KPC-132
7679	KPC-133
6072	KPC-134
6066	KPC-135
7680	KPC-136
7681	KPC-137
7682	KPC-138
7683	KPC-139
494	KPC-14
7684	KPC-140
7685	KPC-141
7686	KPC-142
7687	KPC-143
7688	KPC-144
7689	KPC-145
7690	KPC-146
7691	KPC-147
7692	KPC-148
7693	KPC-149
926	KPC-15
7694	KPC-150
7695	KPC-151
7696	KPC-152
7697	KPC-153
7698	KPC-154
7699	KPC-155
7700	KPC-156
7701	KPC-157
7702	KPC-158
7703	KPC-159
496	KPC-16
7704	KPC-160
7705	KPC-161
7706	KPC-162
7707	KPC-163
7708	KPC-164
7709	KPC-165
7710	KPC-166
7711	KPC-167
7712	KPC-168
7713	KPC-169
2038	KPC-17
7714	KPC-170
7715	KPC-171
7716	KPC-172
7717	KPC-173
7718	KPC-174
7719	KPC-175
7720	KPC-176
7721	KPC-177
7722	KPC-178
7723	KPC-179
4091	KPC-18
7724	KPC-180
7725	KPC-181
7726	KPC-182
7727	KPC-183
7728	KPC-184
7729	KPC-185
7730	KPC-186
7731	KPC-187
7732	KPC-188
7733	KPC-189
873	KPC-19
7734	KPC-190
7735	KPC-191
7736	KPC-192
7737	KPC-193
7738	KPC-194
7739	KPC-195
7740	KPC-196
7741	KPC-197
1745	KPC-2
7742	KPC-201
7743	KPC-202
7744	KPC-203
7745	KPC-204
7746	KPC-205
7747	KPC-206
7748	KPC-207
7749	KPC-208
7750	KPC-209
4719	KPC-21
7751	KPC-211
7752	KPC-212
7753	KPC-213
7754	KPC-214
7755	KPC-215
7756	KPC-216
7757	KPC-217
7758	KPC-218
1389	KPC-22
7759	KPC-223
7760	KPC-224
7761	KPC-225
7762	KPC-226
7763	KPC-227
7764	KPC-228
4088	KPC-23
7765	KPC-230
7766	KPC-231
7767	KPC-232
7768	KPC-233
7769	KPC-234
7770	KPC-236
7771	KPC-237
7772	KPC-238
7773	KPC-239
3024	KPC-24
7774	KPC-240
7775	KPC-241
7776	KPC-242
4089	KPC-25
4090	KPC-26
4092	KPC-27
4094	KPC-28
4093	KPC-29
1153	KPC-3
4097	KPC-30
4095	KPC-31
4096	KPC-32
4098	KPC-33
4099	KPC-34
4100	KPC-35
4101	KPC-36
4102	KPC-37
4103	KPC-38
4104	KPC-39
454	KPC-4
4105	KPC-40
4106	KPC-41
4107	KPC-42
4108	KPC-43
4720	KPC-44
4109	KPC-45
4110	KPC-46
7777	KPC-47
7778	KPC-48
4111	KPC-49
1012	KPC-5
4112	KPC-50
4113	KPC-51
4114	KPC-52
7779	KPC-53
4115	KPC-54
4116	KPC-55
4117	KPC-56
4118	KPC-57
4721	KPC-58
4722	KPC-59
1283	KPC-6
4723	KPC-60
4724	KPC-61
4725	KPC-62
4726	KPC-63
4727	KPC-64
4728	KPC-65
4729	KPC-66
7780	KPC-67
7781	KPC-68
7782	KPC-69
1866	KPC-7
7783	KPC-70
4730	KPC-71
4731	KPC-72
4732	KPC-73
4733	KPC-74
4734	KPC-75
4735	KPC-76
4736	KPC-77
4737	KPC-78
4738	KPC-79
162	KPC-8
4739	KPC-80
4740	KPC-81
4741	KPC-82
5771	KPC-83
7784	KPC-84
7785	KPC-85
5903	KPC-86
5902	KPC-87
7786	KPC-88
7787	KPC-89
755	KPC-9
5770	KPC-90
7788	KPC-91
7789	KPC-92
5776	KPC-93
5906	KPC-94
5904	KPC-95
5930	KPC-96
5941	KPC-97
5942	KPC-98
5945	KPC-99
1619	L1_BLA
3620	LAP-1
3621	LAP-2
5932	LAQ-1
1494	LAT-1
901	LCR-1
482	LEN-1
514	LEN-10
1965	LEN-11
1051	LEN-12
912	LEN-13
200	LEN-14
1861	LEN-15
434	LEN-16
3622	LEN-17
1684	LEN-18
1110	LEN-19
999	LEN-2
270	LEN-20
233	LEN-21
1467	LEN-22
325	LEN-23
1886	LEN-24
3623	LEN-25
2333	LEN-26
4743	LEN-27
4744	LEN-28
1074	LEN-3
3634	LEN-30
4745	LEN-31
3635	LEN-32
3636	LEN-34
3624	LEN-35
3625	LEN-36
3626	LEN-37
3637	LEN-38
3638	LEN-39
1503	LEN-4
3639	LEN-40
3640	LEN-41
3641	LEN-42
3642	LEN-43
1084	LEN-5
3643	LEN-51
3644	LEN-55
3645	LEN-58
772	LEN-6
1876	LEN-7
386	LEN-8
216	LEN-9
5921	leuO
2433	lfrA
4746	LHK-1
4747	LHK-2
4748	LHK-3
4749	LHK-4
4750	LHK-5
4751	LHK-6
7790	LHK-7
1524	Lreu_cat-TC
3361	lin
1873	linG
2279	Lmon_mprF
2519	LlmA_23S_CLI
3761	LMB-1
1966	lmrA
592	lmrB
974	lmrC
1624	lmrD
2435	lmrP
27	lnuA
809	lnuB
376	lnuC
1934	lnuD
2261	lnuE
1491	lnuF
2749	lnuG
5916	LnuH
3301	LnuP
2758	LpeA
2759	LpeB
3794	LpsA
3793	LpsB
3799	LptD
2249	LpxA
2251	LpxC
2252	LpxD
1601	LRA-1
2119	LRA-10
13	LRA-12
1912	LRA-13
883	LRA-17
739	LRA-18
1462	LRA-19
1324	LRA-2
2055	LRA-3
451	LRA-5
2121	LRA-7
718	LRA-8
118	LRA-9
4752	LRG-1
1298	lsaA
1161	lsaB
1748	lsaC
3847	lsaD
264	lsaE
4753	LUS-1
4754	LUT-1
4755	LUT-2
4756	LUT-3
4757	LUT-4
4758	LUT-5
4759	LUT-6
5799	MAB
1680	macA
487	macB
4760	MAL-1
4761	MAL-2
1922	marA
4762	MBL1b
5798	mcr-10.1
5882	MCR-10.2
5880	MCR-10.3
5881	MCR-10.4
5879	MCR-10.5
2203	MCR-1.1
3134	MCR-1.10
3387	MCR-1.11
3388	MCR-1.12
3389	MCR-1.13
5851	MCR-1.14
5884	MCR-1.15
5843	MCR-1.16
5849	MCR-1.17
5838	MCR-1.18
5845	MCR-1.19
2838	MCR-1.2
5840	MCR-1.20
5842	MCR-1.21
5844	MCR-1.22
5839	MCR-1.23
5848	MCR-1.24
5852	MCR-1.25
5885	MCR-1.26
5837	MCR-1.27
5841	MCR-1.28
5846	MCR-1.29
3142	MCR-1.3
5847	MCR-1.30
5850	MCR-1.31
5894	MCR-1.32
5766	MCR-1.33
5835	MCR-1.34
3143	MCR-1.4
3384	MCR-1.5
3141	MCR-1.6
3385	MCR-1.7
3386	MCR-1.8
3135	MCR-1.9
2778	MCR-2.1
3130	MCR-2.2
5889	MCR-2.3
5888	MCR-2.4
5891	MCR-2.5
5893	MCR-2.6
5892	MCR-2.7
5890	MCR-2.8
2795	MCR-3.1
3132	MCR-3.10
3128	MCR-3.11
3391	MCR-3.12
5874	MCR-3.13
5854	MCR-3.14
5857	MCR-3.15
5865	MCR-3.16
5883	MCR-3.17
5868	MCR-3.18
5878	MCR-3.19
3139	MCR-3.2
5871	MCR-3.20
5867	MCR-3.21
5864	MCR-3.22
5861	MCR-3.23
5870	MCR-3.24
5863	MCR-3.25
5866	MCR-3.26
5858	MCR-3.27
5875	MCR-3.28
5877	MCR-3.29
3363	MCR-3.3
5860	MCR-3.31
5859	MCR-3.32
5853	MCR-3.33
5873	MCR-3.34
5872	MCR-3.35
5862	MCR-3.36
5855	MCR-3.37
5856	MCR-3.38
5876	MCR-3.39
3390	MCR-3.4
5869	MCR-3.40
3943	MCR-3.41
3133	MCR-3.5
3131	MCR-3.6
3138	MCR-3.7
3137	MCR-3.8
3136	MCR-3.9
2848	MCR-4.1
3392	MCR-4.2
3393	MCR-4.3
3394	MCR-4.4
3395	MCR-4.5
5836	MCR-4.6
5971	MCR-4.7
2849	MCR-5.1
3396	MCR-5.2
5887	MCR-5.3
5886	MCR-5.4
3129	MCR-6.1
3145	MCR-7.1
3144	MCR-8.1
5834	MCR-8.2
5832	MCR-8.3
5833	MCR-8.4
3383	MCR-9.1
5727	mdeA
429	mdsA
1385	mdsB
1180	mdsC
387	mdtA
820	mdtB
1315	mdtC
1903	mdtE
121	mdtF
603	mdtG
375	mdtH
1752	MdtK
1191	mdtM
1442	mdtN
2056	mdtO
45	mdtP
6011	MdtQ
1321	mecA
1595	mecB
810	mecC
3829	mecC-type_BlaZ
3790	MecI_rep
2828	mecD
948	mecI
645	mecR1
1198	mef(B)
2262	mef(C)
3823	mef(D)
1401	mef(E)
3359	Mef(En2)
5745	mef(F)
5747	mef(H)
5748	mef(J)
1231	mel
377	mepA
856	mepR
440	MexA
1925	MexB
805	MexC
1523	MexD
1067	MexE
1300	MexF
995	MexG
1344	MexH
1647	MexI
2205	MexJ
2206	MexK
2219	MexL
2216	mexM
2217	mexN
2211	mexP
2212	mexQ
2678	MexR
1474	MexR
1041	MexS
1608	MexT
2207	MexV
2208	MexW
334	mexX
1786	mexY
2223	MexZ
2332	mfd
801	mfpA
154	mgrA
2317	mgrB
515	mgtA
1702	MIR-1
1888	MIR-10
1875	MIR-11
669	MIR-12
1234	MIR-13
1640	MIR-14
968	MIR-15
399	MIR-16
1451	MIR-17
4763	MIR-18
4764	MIR-19
224	MIR-2
4765	MIR-20
4766	MIR-21
4767	MIR-22
3557	MIR-23
7791	MIR-24
7792	MIR-25
7793	MIR-27
7794	MIR-28
373	MIR-3
7795	MIR-30
7796	MIR-31
7797	MIR-32
7798	MIR-33
7799	MIR-34
7800	MIR-35
1265	MIR-4
576	MIR-5
1136	MIR-6
4768	MIR-7
1164	MIR-9
3785	mlaD
3784	mlaF
4769	MOC-1
4770	MOR-2
2792	Mcat_23S_MAC
2787	Mcat_M35_AMX
535	Mmor_gyrB_FLO
1049	MOX-1
4771	MOX-10
4772	MOX-11
4773	MOX-12
4774	MOX-13
4775	MOX-14
7801	MOX-15
7802	MOX-16
7803	MOX-17
7804	MOX-18
7805	MOX-19
688	MOX-2
7806	MOX-20
7807	MOX-21
7808	MOX-22
7809	MOX-23
7810	MOX-24
7811	MOX-25
1492	MOX-3
1813	MOX-4
53	MOX-5
1376	MOX-6
1637	MOX-7
1485	MOX-8
2329	MOX-9
1243	mphA
1731	mphB
2062	mphC
2614	mphE
473	mphF
2259	mphG
3216	mphH
2527	mphI
3220	mphJ
3217	mphK
1240	mphL
2277	mphM
3218	mphN
3219	mphO
5749	mreA
5917	Mrx
2423	msbA
2233	MSI-1
2234	MSI-OXA
1200	msrA
2653	msrB
2054	msrC
33	msrE
3821	msrF
5743	msr(G)
3822	msrH
5744	msr(I)
1559	mtrA
1340	mtrC
1938	mtrD
453	mtrE
2033	mtrR
7812	MUN-1
7813	MUN-6
1552	MUS-1
2328	MUS-2
2717	MuxA
2718	MuxB
2720	MuxC
2706	MvaT
5960	Mabs_atpE_BDQ
2811	Mavi_23S_CLR
5956	Mavi_gyrA_FLO
2814	Mint_23S_AZM
2813	Mint_23S_CLR
2815	Mkan_23S_CLR
1721	Mlep_folP_DAO
36	Mlep_gyrA_FLO
1710	Mlep_gyrB_FLO
624	Mlep_rpoB_RIF
2070	Mtub_16S_AMK
3651	Mtub_16S_CAP
2132	Mtub_16S_KAN
2131	Mtub_16S_STR
2133	Mtub_16S_VIO
5972	Mtub_16rrnS_AMK
5974	Mtub_16rrnS_KAN
3745	Mtub_23S_CAP
3741	Mtub_aftA_EMB
3723	Mtub_ahpC_INH
3744	Mtub_ald_DCS
3743	Mtub_alr_DCS
6071	Mtub_atpE_BDQ
3705	Mtub_clpC1_PZA
3742	Mtub_ddlA_DCS
6000	Mtub_ddn_MULT
3721	Mtub_eccB5_FLO
3722	Mtub_eccC5_FLO
3707	Mtub_eis_KAN
1354	Mtub_embA_EMB
196	Mtub_embB_EMB
821	Mtub_embB_RIF
1432	Mtub_embC_EMB
1339	Mtub_embR_EMB
3836	Mtub_ethA_INH
3895	Mtub_ethA_PCL
3837	Mtub_ethA_PTO
100	Mtub_ethA_ETO
3739	Mtub_fabG1_ETO
3724	Mtub_fabG1_INH
6035	Mtub_fabG1_PTO
6069	Mtub_fgd1_DLM
2804	Mtub_folC_PAS
3725	Mtub_furA_INH
489	Mtub_gidB_STR
3714	Mtub_gpsI_PZA
1935	Mtub_gyrA_FLO
6030	Mtub_gyrA_MXF
6031	Mtub_gyrA_OFX
2109	Mtub_gyrB_FLO
6034	Mtub_gyrB_LEV
6032	Mtub_gyrB_OFX
3726	Mtub_inbR_INH
3702	Mtub_inhA_ETO
1574	Mtub_inhA_INH
366	Mtub_iniA_EMB
6024	Mtub_iniA_INH
2834	Mtub_iniB_EMB
505	Mtub_iniC_EMB
2290	Mtub_murA_FOF
1943	Mtub_kasA_INH
1176	Mtub_katG_INH
3834	Mtub_katG_PTO
3715	Mtub_mas_PZA
3732	Mtub_mmaA3_INH
3727	Mtub_mshA_INH
3838	Mtub_mshA_PTO
3738	Mtub_mshC_ETO
3729	Mtub_mshC_INH
3731	Mtub_mymA_INH
3734	Mtub_nat_INH
1203	Mtub_ndh_INH
3737	Mtub_nudC_ETO
3703	Mtub_nudC_INH
851	Mtub_pncA_PZA
3706	Mtub_ponA1_RFB
3712	Mtub_ppsC_PZA
3713	Mtub_ppsD_PZA
2827	Mtub_ribD_PAS
3747	Mtub_rpoA_RIF
1237	Mtub_rpoB_RIF
3746	Mtub_rpoC_RIF
3403	Mtub_rpsA_PZA
1197	Mtub_rpsL_STR
3716	Mtub_Rv0191_PZA
3736	Mtub_Rv0565_ETO
6004	Mtub_Rv0678_BDQ
6070	Mtub_Rv0678_CFZ
5801	Mtub_tap_EMCM
5802	Mtub_tap_MULT
3710	Mtub_tap_STR
3717	Mtub_Rv1667_PZA
6012	Mtub_Rv2535_BDQ
3718	Mtub_Rv2731_PZA
3720	Mtub_Rv3169_PZA
3735	Mtub_sigI_INH
2803	Mtub_thyA_PAS
1849	Mtub_tlyA_AMG
6029	Mtub_tlyA_CAP
3740	Mtub_ubiA_EMB
2144	Mbov_embB_EMB
2288	Mbov_ndh_INH
3709	Mtub_whib7_STR
3708	Mtub_whib7_KAN
2084	Mabs_16S_AMK
2128	Mabs_16S_GEN
2090	Mabs_16S_KAN
2105	Mabs_16S_NEO
2126	Mabs_16S_TOB
2810	Mabs_23S_CLR
2100	Mche_16S_AMK
2091	Mche_16S_GENC
2078	Mche_16S_KAN
2122	Mche_16S_NEO
2111	Mche_16S_TOB
2812	Mche_23S_CLR
2149	Msme_16rrsA_HGM
2106	Msme_16rrsA_KAN
2077	Msme_16rrsA_NEO
2142	Msme_16rrsA_VIO
2102	Msme_16rrsB_HGM
2099	Msme_16rrsB_KAN
2141	Msme_16rrsB_NEO
2088	Msme_16rrsB_STR
2098	Msme_16rrsB_VIO
2816	Msme_23S_CLR
2287	Msme_ndh_INH
2805	Mgal_23S_PLM
3312	Mgen_23S_MULT
3330	Mgen_gyrA_FLO
3329	Mgen_parC_MXF
2822	Mhom_23S_MAC
2083	Mhom_23S_FLO
2824	Mpne_23S_ERY
2823	Mfer_23S_MAC
4776	MYO-1
158	myrA
4777	MYX-1
1670	nalC
1213	nalD
783	NDM-1
70	NDM-10
3254	NDM-11
1896	NDM-12
464	NDM-13
2156	NDM-14
3657	NDM-15
3658	NDM-16a
5815	NDM-16b
2756	NDM-17
3659	NDM-18
3660	NDM-19
1763	NDM-2
3661	NDM-20
3662	NDM-21
3663	NDM-22
3664	NDM-23
3665	NDM-24
3666	NDM-25
4778	NDM-26
3668	NDM-27
3669	NDM-28
3857	NDM-29
1515	NDM-3
4779	NDM-30
4780	NDM-31
5736	NDM-33
5822	NDM-34
5823	NDM-35
5824	NDM-36
5825	NDM-37
5826	NDM-38
5827	NDM-39
1889	NDM-4
5828	NDM-40
5829	NDM-41
5830	NDM-42
5831	NDM-43
5935	NDM-44
5936	NDM-45
5938	NDM-46
5939	NDM-47
7814	NDM-48
7815	NDM-49
1106	NDM-5
7816	NDM-50
7817	NDM-51
7818	NDM-52
7819	NDM-53
7820	NDM-54
7821	NDM-55
7822	NDM-56
7823	NDM-57
7824	NDM-58
8	NDM-6
7825	NDM-60
7826	NDM-61
7827	NDM-64
7828	NDM-65
7829	NDM-66
7830	NDM-67
7831	NDM-68
7832	NDM-69
585	NDM-7
7833	NDM-70
7834	NDM-71
7835	NDM-72
7836	NDM-73
7837	NDM-74
616	NDM-8
1168	NDM-9
2076	Ngon_16S_SPT
3646	Ngon_23S_AZM
3701	Ngon_folP_SLF
2404	Ngon_gyrA_FLO
3654	Ngon_gyrB_ZOL
3749	Ngon_mtrC_AZM
3649	Ngon_mtrR_AZM
2405	Ngon_parC_FLO
3629	Ngon_PBP1_BLA
3628	Ngon_PBP2_BLA
3631	Ngon_pilQ_BLA
1395	Ngon_porin
5763	Ngon_rpld
2152	Nmen_16S_SPT
2409	Nmen_PBP2_BLA
5777	nimA
5787	nimB
5778	nimC
5779	nimD
5780	nimE
5781	nimF
5782	nimG
5783	nimH
5784	nimI
5785	nimJ
5786	nimK
2138	NmcA
2072	NmcR
5821	Nfar_rox
1554	norA
1167	norB
5726	norC
1210	novA
218	npmA
2840	NPS-1
6068	NWM-1
184	OCH-1
759	OCH-2
201	OCH-3
773	OCH-4
1220	OCH-5
1698	OCH-6
427	OCH-7
528	OCH-8
4781	OHIO-1
2059	OKP-A-1
1447	OKP-A-10
921	OKP-A-11
219	OKP-A-12
936	OKP-A-13
933	OKP-A-14
151	OKP-A-15
1767	OKP-A-16
4782	OKP-A-17
848	OKP-A-2
599	OKP-A-3
1165	OKP-A-4
1778	OKP-A-5
1908	OKP-A-6
588	OKP-A-7
1007	OKP-A-8
435	OKP-A-9
807	OKP-B-1
443	OKP-B-10
1125	OKP-B-11
1296	OKP-B-12
831	OKP-B-13
6009	OKP-B-14
4783	OKP-B-16
1662	OKP-B-17
970	OKP-B-18
1073	OKP-B-19
275	OKP-B-2
1560	OKP-B-20
4784	OKP-B-21
4785	OKP-B-22
4786	OKP-B-23
4787	OKP-B-24
227	OKP-B-3
4788	OKP-B-34
4789	OKP-B-36
1658	OKP-B-4
4790	OKP-B-40
4791	OKP-B-41
4792	OKP-B-45
1085	OKP-B-5
563	OKP-B-6
1289	OKP-B-7
561	OKP-B-8
248	OKP-B-9
4793	OKP-C-1
4794	OKP-D-1
1388	oleB
2264	oleC
1367	oleD
1824	oleI
3787	OmpA
2130	opcM
2716	OpmB
442	OpmD
2213	opmE
2195	OpmH
1570	OprA
704	OprJ
1305	OprM
172	OprN
2796	OprZ
2263	optrA
2399	oqxA
2400	oqxB
4795	ORN-1
4796	ORN-2
4797	ORN-3
4798	ORN-4
4799	ORN-5
4800	ORN-6
4801	ORR-1
870	otr(B)
1991	otr(C)
1952	OXA-1
1587	OXA-10
947	OXA-100
7839	OXA-1000
7840	OXA-1001
7841	OXA-1002
7842	OXA-1003
7843	OXA-1004
7844	OXA-1005
7845	OXA-1006
7846	OXA-1007
7847	OXA-1008
7848	OXA-1009
1598	OXA-101
7849	OXA-1010
7850	OXA-1011
7851	OXA-1012
7852	OXA-1013
7853	OXA-1014
7854	OXA-1015
7855	OXA-1016
7856	OXA-1017
7857	OXA-1018
7858	OXA-1019
7859	OXA-1020
7860	OXA-1021
7861	OXA-1022
7862	OXA-1023
7863	OXA-1024
7864	OXA-1025
7865	OXA-1026
7866	OXA-1027
7867	OXA-1028
7868	OXA-1029
3407	OXA-103
7869	OXA-1030
7870	OXA-1031
7871	OXA-1032
7872	OXA-1033
7873	OXA-1034
7874	OXA-1035
7875	OXA-1036
7876	OXA-1037
5977	OXA-1038
5978	OXA-1039
942	OXA-104
7877	OXA-1040
7878	OXA-1041
7879	OXA-1042
7880	OXA-1043
7881	OXA-1044
7882	OXA-1045
7883	OXA-1046
7884	OXA-1047
7885	OXA-1048
7886	OXA-1049
6010	OXA-105
7887	OXA-1050
7888	OXA-1051
7889	OXA-1052
7890	OXA-1053
7891	OXA-1055
7892	OXA-1056
7893	OXA-1057
7894	OXA-1058
7895	OXA-1059
475	OXA-106
7896	OXA-1060
7897	OXA-1061
7898	OXA-1062
7899	OXA-1063
7900	OXA-1064
7901	OXA-1065
7902	OXA-1066
7903	OXA-1067
7904	OXA-1068
7905	OXA-1069
1804	OXA-107
7906	OXA-1070
7907	OXA-1071
7908	OXA-1072
7909	OXA-1073
7910	OXA-1074
7911	OXA-1075
7912	OXA-1076
7913	OXA-1077
7914	OXA-1078
7915	OXA-1079
1398	OXA-108
7916	OXA-1080
7917	OXA-1081
7918	OXA-1082
7919	OXA-1083
7920	OXA-1084
7921	OXA-1085
7922	OXA-1086
7923	OXA-1087
7924	OXA-1088
7925	OXA-1089
1862	OXA-109
7926	OXA-1090
7927	OXA-1091
7928	OXA-1092
7929	OXA-1093
7930	OXA-1094
7931	OXA-1095
7932	OXA-1096
7933	OXA-1097
7934	OXA-1098
7935	OXA-1099
1396	OXA-11
1281	OXA-110
7936	OXA-1100
7937	OXA-1101
7938	OXA-1102
7939	OXA-1103
7940	OXA-1104
7941	OXA-1105
7942	OXA-1106
7943	OXA-1107
7944	OXA-1108
7945	OXA-1109
1312	OXA-111
7946	OXA-1110
7947	OXA-1111
7948	OXA-1112
7949	OXA-1113
7950	OXA-1114
7951	OXA-1115
7952	OXA-1116
7953	OXA-1117
7954	OXA-1118
7955	OXA-1119
977	OXA-112
7956	OXA-1120
7957	OXA-1121
7958	OXA-1122
7959	OXA-1123
7960	OXA-1124
7961	OXA-1125
7962	OXA-1126
7963	OXA-1127
7964	OXA-1128
7965	OXA-1129
226	OXA-113
7966	OXA-1130
7967	OXA-1131
7968	OXA-1132
7969	OXA-1133
7970	OXA-1134
7971	OXA-1135
7972	OXA-1136
7973	OXA-1137
7974	OXA-1138
7975	OXA-1139
7976	OXA-1140
7977	OXA-1141
7978	OXA-1142
7979	OXA-1143
7980	OXA-1144
7981	OXA-1145
7982	OXA-1146
7983	OXA-1147
7984	OXA-1148
7985	OXA-1149
1892	OXA-114a
4802	OXA-114b
4803	OXA-114c
4804	OXA-114d
4805	OXA-114e
4806	OXA-114f
4807	OXA-114g
4808	OXA-114h
4809	OXA-114i
4810	OXA-114j
4811	OXA-114k
4812	OXA-114l
4813	OXA-114m
4814	OXA-114n
4815	OXA-114p
4816	OXA-114q
4817	OXA-114r
4818	OXA-114s
4819	OXA-114t
4820	OXA-114u
4821	OXA-114v
4822	OXA-114w
4823	OXA-114x
649	OXA-115
7986	OXA-1150
7987	OXA-1151
7988	OXA-1152
7989	OXA-1153
7990	OXA-1154
7991	OXA-1155
7992	OXA-1156
7993	OXA-1157
7994	OXA-1158
7995	OXA-1159
1967	OXA-116
7996	OXA-1160
7997	OXA-1161
7998	OXA-1162
7999	OXA-1163
8000	OXA-1164
8001	OXA-1165
8002	OXA-1166
8003	OXA-1167
8004	OXA-1168
8005	OXA-1169
412	OXA-117
8006	OXA-1170
8007	OXA-1171
8008	OXA-1172
8009	OXA-1173
8010	OXA-1174
8011	OXA-1175
8012	OXA-1176
8013	OXA-1177
8014	OXA-1178
1937	OXA-118
8015	OXA-1181
8016	OXA-1182
8017	OXA-1183
8018	OXA-1184
8019	OXA-1185
8020	OXA-1186
8021	OXA-1187
8022	OXA-1188
8023	OXA-1189
1255	OXA-119
8024	OXA-1190
8025	OXA-1191
8026	OXA-1193
8027	OXA-1194
8028	OXA-1198
8029	OXA-1199
186	OXA-12
537	OXA-120
8030	OXA-1200
8031	OXA-1201
8032	OXA-1202
8033	OXA-1203
8034	OXA-1204
8035	OXA-1205
8036	OXA-1206
8037	OXA-1207
8038	OXA-1208
1406	OXA-121
8039	OXA-1211
8040	OXA-1212
8041	OXA-1213
8042	OXA-1214
8043	OXA-1215
8044	OXA-1216
8045	OXA-1217
8046	OXA-1218
8047	OXA-1219
3408	OXA-122
8048	OXA-1220
8049	OXA-1221
8050	OXA-1222
8051	OXA-1223
8052	OXA-1224
8053	OXA-1225
8054	OXA-1226
8055	OXA-1227
8056	OXA-1228
8057	OXA-1229
3409	OXA-123
8058	OXA-1230
8059	OXA-1231
8060	OXA-1232
8061	OXA-1233
8062	OXA-1234
8063	OXA-1235
8064	OXA-1236
8065	OXA-1237
8066	OXA-1238
8067	OXA-1239
3410	OXA-124
8068	OXA-1240
8069	OXA-1241
8070	OXA-1242
8071	OXA-1243
8072	OXA-1244
8073	OXA-1245
8074	OXA-1246
8075	OXA-1247
8076	OXA-1248
8077	OXA-1249
3411	OXA-125
8078	OXA-1250
8079	OXA-1251
8080	OXA-1252
8081	OXA-1253
8082	OXA-1254
8083	OXA-1255
8084	OXA-1256
8085	OXA-1257
8086	OXA-1258
8087	OXA-1259
3412	OXA-126
8088	OXA-1260
8089	OXA-1261
8090	OXA-1262
8091	OXA-1263
8092	OXA-1264
8093	OXA-1265
8094	OXA-1266
8095	OXA-1267
8096	OXA-1268
8097	OXA-1269
3413	OXA-127
8098	OXA-1270
8099	OXA-1271
8100	OXA-1272
8101	OXA-1273
8102	OXA-1274
8103	OXA-1275
8104	OXA-1276
8105	OXA-1277
8106	OXA-1278
8107	OXA-1279
1844	OXA-128
8108	OXA-1280
8109	OXA-1281
8110	OXA-1282
8111	OXA-1283
8112	OXA-1284
8113	OXA-1285
8114	OXA-1286
8115	OXA-1287
8116	OXA-1288
8117	OXA-1289
964	OXA-129
8118	OXA-1290
8119	OXA-1291
8120	OXA-1292
8121	OXA-1293
8122	OXA-1294
8123	OXA-1295
8124	OXA-1296
8125	OXA-1297
8126	OXA-1298
8127	OXA-1299
461	OXA-13
394	OXA-130
8128	OXA-1300
8129	OXA-1301
8130	OXA-1302
8131	OXA-1303
8132	OXA-1304
8133	OXA-1305
8134	OXA-1306
8135	OXA-1307
8136	OXA-1308
8137	OXA-1309
1417	OXA-131
2023	OXA-132
555	OXA-133
978	OXA-134
573	OXA-136
572	OXA-137
849	OXA-138
1217	OXA-139
1806	OXA-14
3406	OXA-140
1212	OXA-141
1706	OXA-142
313	OXA-143
413	OXA-144
295	OXA-145
1780	OXA-146
617	OXA-147
379	OXA-148
1972	OXA-149
674	OXA-15
254	OXA-150
3415	OXA-151
3416	OXA-152
3417	OXA-153
3418	OXA-154
3419	OXA-155
3420	OXA-156
3421	OXA-157
3422	OXA-158
4824	OXA-159
1194	OXA-16
853	OXA-160
1079	OXA-161
686	OXA-162
554	OXA-163
500	OXA-164
1860	OXA-165
1343	OXA-166
312	OXA-167
1802	OXA-168
1141	OXA-169
1576	OXA-17
1326	OXA-170
677	OXA-171
1413	OXA-172
2031	OXA-173
274	OXA-174
867	OXA-175
1185	OXA-176
1777	OXA-177
231	OXA-178
1625	OXA-179
1003	OXA-18
1122	OXA-180
235	OXA-181
1184	OXA-182
1568	OXA-183
1126	OXA-184
3423	OXA-185
1410	OXA-19
1269	OXA-192
4825	OXA-193
1172	OXA-194
190	OXA-195
1874	OXA-196
1293	OXA-197
758	OXA-198
191	OXA-199
1118	OXA-2
1853	OXA-20
1978	OXA-200
1836	OXA-201
405	OXA-202
1641	OXA-203
416	OXA-204
1572	OXA-205
1052	OXA-206
767	OXA-207
258	OXA-208
1502	OXA-209
213	OXA-21
1276	OXA-210
615	OXA-211
18	OXA-212
2019	OXA-213
1314	OXA-214
861	OXA-215
813	OXA-216
404	OXA-217
656	OXA-219
693	OXA-22
1361	OXA-223
1496	OXA-224
326	OXA-225
30	OXA-226
569	OXA-228
145	OXA-229
1128	OXA-23
1717	OXA-230
1221	OXA-231
185	OXA-232
1359	OXA-233
3424	OXA-234
1730	OXA-235
160	OXA-236
732	OXA-237
685	OXA-239
1596	OXA-24
1151	OXA-240
1020	OXA-241
937	OXA-242
655	OXA-243
865	OXA-244
1100	OXA-245
1902	OXA-246
1980	OXA-247
1187	OXA-248
1532	OXA-249
675	OXA-25
2001	OXA-250
1352	OXA-251
3425	OXA-252
1087	OXA-253
1750	OXA-254
1016	OXA-255
59	OXA-256
1394	OXA-257
1659	OXA-258
3426	OXA-259
850	OXA-26
3427	OXA-260
3428	OXA-261
3429	OXA-262
3430	OXA-263
3431	OXA-264
3432	OXA-265
3433	OXA-266
3434	OXA-267
3435	OXA-268
3436	OXA-269
147	OXA-27
3437	OXA-270
3438	OXA-271
3439	OXA-272
3440	OXA-273
2912	OXA-274
3441	OXA-275
3442	OXA-276
3443	OXA-277
361	OXA-278
3444	OXA-279
721	OXA-28
3445	OXA-280
3446	OXA-281
3447	OXA-282
3448	OXA-283
3449	OXA-284
3450	OXA-285
2913	OXA-286
3451	OXA-287
3452	OXA-288
3453	OXA-289
1955	OXA-29
5751	OXA-290
3454	OXA-291
3455	OXA-292
3456	OXA-293
3457	OXA-294
3458	OXA-295
3356	OXA-296
3459	OXA-297
3460	OXA-298
3461	OXA-299
816	OXA-3
3462	OXA-300
3463	OXA-301
3464	OXA-302
3465	OXA-303
3466	OXA-304
3467	OXA-305
3468	OXA-306
4826	OXA-307
3470	OXA-308
1986	OXA-309
343	OXA-31
1845	OXA-312
1379	OXA-313
935	OXA-314
1399	OXA-315
931	OXA-316
1690	OXA-317
566	OXA-32
620	OXA-320
2047	OXA-322
1083	OXA-323
795	OXA-324
418	OXA-325
1758	OXA-326
1186	OXA-327
611	OXA-328
21	OXA-329
1517	OXA-33
61	OXA-330
2050	OXA-331
635	OXA-332
965	OXA-333
1784	OXA-334
2007	OXA-335
3471	OXA-336
3472	OXA-337
1743	OXA-338
3473	OXA-339
1686	OXA-34
3474	OXA-340
3475	OXA-341
3476	OXA-342
3477	OXA-343
3478	OXA-344
3479	OXA-345
3480	OXA-346
690	OXA-347
187	OXA-348
646	OXA-349
73	OXA-35
779	OXA-350
1761	OXA-351
407	OXA-352
1694	OXA-353
1190	OXA-354
633	OXA-355
962	OXA-356
397	OXA-357
318	OXA-358
1741	OXA-359
916	OXA-36
1169	OXA-360
608	OXA-361
1618	OXA-362
1148	OXA-363
3481	OXA-364
1032	OXA-365
319	OXA-366
2396	OXA-368
1072	OXA-37
2016	OXA-370
23	OXA-371
3482	OXA-372
3483	OXA-373
1833	OXA-374
1660	OXA-375
163	OXA-376
414	OXA-377
973	OXA-378
1898	OXA-379
408	OXA-380
927	OXA-381
1384	OXA-382
897	OXA-383
1065	OXA-384
604	OXA-385
521	OXA-386
1858	OXA-387
1403	OXA-388
1871	OXA-389
1402	OXA-390
67	OXA-391
3485	OXA-392
4827	OXA-395
4828	OXA-396
1238	OXA-397
1716	OXA-398
470	OXA-4
3486	OXA-400
3487	OXA-401
3405	OXA-402
3488	OXA-403
3489	OXA-404
3490	OXA-405
3491	OXA-406
3492	OXA-407
3493	OXA-408
3494	OXA-409
6023	OXA-410
3495	OXA-411
3496	OXA-412
3497	OXA-413
3498	OXA-414
1733	OXA-415
3499	OXA-416
3500	OXA-417
958	OXA-418
1728	OXA-42
1077	OXA-420
1536	OXA-421
230	OXA-422
1511	OXA-423
2041	OXA-424
1347	OXA-425
96	OXA-426
3501	OXA-427
3502	OXA-429
267	OXA-43
3503	OXA-430
3504	OXA-431
3505	OXA-432
3506	OXA-433
1115	OXA-435
2876	OXA-436
3507	OXA-437
3508	OXA-438
3509	OXA-439
3510	OXA-440
3511	OXA-441
3512	OXA-442
3513	OXA-443
3514	OXA-444
3515	OXA-446
3516	OXA-447
3517	OXA-448
3518	OXA-449
28	OXA-45
3519	OXA-450
3520	OXA-451
3521	OXA-452
3522	OXA-453
1419	OXA-454
3523	OXA-455
3524	OXA-457
3525	OXA-458
3526	OXA-459
385	OXA-46
3527	OXA-460
3528	OXA-461
3529	OXA-464
3530	OXA-465
3531	OXA-466
1962	OXA-47
3532	OXA-470
3533	OXA-471
3534	OXA-472
3535	OXA-473
3536	OXA-474
3537	OXA-475
3538	OXA-476
3539	OXA-477
3540	OXA-478
3541	OXA-479
1099	OXA-48
3542	OXA-480
6006	OXA-481
3543	OXA-482
3544	OXA-483
3545	OXA-484
3546	OXA-485
3547	OXA-486
3548	OXA-488
4829	OXA-489
1679	OXA-49
4830	OXA-491
4831	OXA-493
4832	OXA-494
4067	OXA-496
4833	OXA-497
4834	OXA-498
4075	OXA-499
909	OXA-5
1928	OXA-50
4835	OXA-500
4836	OXA-501
4837	OXA-502
4838	OXA-503
4839	OXA-504
4840	OXA-505
4841	OXA-506
4842	OXA-507
4843	OXA-508
4844	OXA-509
450	OXA-51
4845	OXA-510
4846	OXA-511
4847	OXA-512
4848	OXA-513
4849	OXA-514
4850	OXA-515
4851	OXA-516
4852	OXA-517
4853	OXA-518
4854	OXA-519
4855	OXA-520
4856	OXA-521
4857	OXA-522
4858	OXA-523
4859	OXA-524
4860	OXA-525
4861	OXA-526
4862	OXA-527
4863	OXA-528
4864	OXA-529
1341	OXA-53
4865	OXA-530
4866	OXA-531
4867	OXA-532
4868	OXA-533
4869	OXA-534
2877	OXA-535
4870	OXA-536
4871	OXA-537
4872	OXA-538
4049	OXA-539
441	OXA-54
4046	OXA-540
4053	OXA-541
4873	OXA-542
4050	OXA-543
3944	OXA-544
4874	OXA-545
4875	OXA-546
4876	OXA-547
4877	OXA-548
4878	OXA-549
1258	OXA-55
4879	OXA-550
4880	OXA-551
4881	OXA-552
4882	OXA-553
4883	OXA-554
4884	OXA-555
4885	OXA-556
4886	OXA-557
4887	OXA-558
4888	OXA-559
1765	OXA-56
4889	OXA-560
4890	OXA-561
4891	OXA-562
4892	OXA-563
4893	OXA-564
4894	OXA-565
4895	OXA-566
4896	OXA-567
4897	OXA-568
4898	OXA-569
2048	OXA-57
4056	OXA-570
4058	OXA-571
4899	OXA-572
4057	OXA-573
4900	OXA-574
4901	OXA-575
4902	OXA-576
4903	OXA-577
4904	OXA-578
4905	OXA-579
1112	OXA-58
4906	OXA-580
4907	OXA-581
4908	OXA-582
4909	OXA-583
4910	OXA-584
4911	OXA-585
4912	OXA-586
4913	OXA-587
4914	OXA-588
4915	OXA-589
1449	OXA-59
4916	OXA-590
4917	OXA-591
4918	OXA-592
4919	OXA-593
4920	OXA-594
4921	OXA-595
4922	OXA-596
4923	OXA-597
4924	OXA-598
4925	OXA-599
47	OXA-60
4926	OXA-600
4927	OXA-601
4928	OXA-602
4929	OXA-603
4930	OXA-604
4931	OXA-605
4932	OXA-606
4933	OXA-607
4934	OXA-608
4935	OXA-609
104	OXA-61
4936	OXA-610
4937	OXA-611
4938	OXA-612
4939	OXA-613
4940	OXA-614
4941	OXA-615
4942	OXA-616
4943	OXA-617
4944	OXA-618
4945	OXA-619
1411	OXA-62
4946	OXA-620
4947	OXA-621
4948	OXA-622
4949	OXA-623
4950	OXA-624
4951	OXA-625
4952	OXA-626
4953	OXA-627
4954	OXA-628
4955	OXA-629
782	OXA-63
4956	OXA-630
4957	OXA-631
4958	OXA-632
4959	OXA-633
4960	OXA-634
4961	OXA-635
4962	OXA-636
4963	OXA-637
4964	OXA-638
4965	OXA-639
959	OXA-64
4966	OXA-640
4065	OXA-641
4967	OXA-642
4968	OXA-643
4969	OXA-644
4970	OXA-645
4071	OXA-646
4069	OXA-647
4070	OXA-648
4072	OXA-649
1325	OXA-65
4971	OXA-650
4972	OXA-651
4973	OXA-652
4074	OXA-653
4974	OXA-654
4975	OXA-655
4976	OXA-656
4977	OXA-657
4978	OXA-658
4979	OXA-659
1870	OXA-66
4980	OXA-660
4981	OXA-661
4982	OXA-662
2960	OXA-663
2909	OXA-664
2910	OXA-665
4983	OXA-666
4984	OXA-667
3883	OXA-668
4985	OXA-669
1530	OXA-67
4986	OXA-670
4060	OXA-671
4059	OXA-672
4061	OXA-673
4987	OXA-674
4988	OXA-675
4989	OXA-676
4990	OXA-677
4991	OXA-678
4992	OXA-679
623	OXA-68
4993	OXA-680
4051	OXA-681
4994	OXA-682
4995	OXA-683
4996	OXA-684
4997	OXA-685
4998	OXA-686
4999	OXA-687
5000	OXA-688
5001	OXA-689
55	OXA-69
5002	OXA-690
5003	OXA-691
5004	OXA-692
5005	OXA-693
5006	OXA-694
5007	OXA-695
5008	OXA-696
5009	OXA-697
5010	OXA-698
5011	OXA-699
1143	OXA-7
1807	OXA-70
5012	OXA-700
5013	OXA-701
5014	OXA-702
5015	OXA-703
5016	OXA-704
5017	OXA-705
5018	OXA-706
5019	OXA-707
5020	OXA-708
5021	OXA-709
1196	OXA-71
5022	OXA-710
5023	OXA-711
5024	OXA-712
5025	OXA-713
5026	OXA-714
5027	OXA-715
5028	OXA-716
5029	OXA-717
5030	OXA-718
5031	OXA-719
1881	OXA-72
5032	OXA-720
5033	OXA-721
5034	OXA-722
5035	OXA-723
3633	OXA-724
8138	OXA-725
5036	OXA-726
5037	OXA-727
5038	OXA-728
5039	OXA-729
1715	OXA-73
5040	OXA-730
5041	OXA-731
5042	OXA-732
5043	OXA-733
5044	OXA-734
5045	OXA-735
5046	OXA-736
4052	OXA-737
5047	OXA-738
5048	OXA-739
1610	OXA-74
5049	OXA-740
5050	OXA-741
5051	OXA-742
5052	OXA-743
5053	OXA-744
5054	OXA-745
5055	OXA-746
5056	OXA-747
5057	OXA-748
5058	OXA-749
523	OXA-75
5059	OXA-750
5060	OXA-751
5061	OXA-752
5062	OXA-753
5063	OXA-754
5064	OXA-755
5065	OXA-756
5066	OXA-757
5067	OXA-758
5068	OXA-759
1841	OXA-76
5069	OXA-760
5070	OXA-761
5071	OXA-762
5072	OXA-763
5073	OXA-764
5074	OXA-765
5075	OXA-766
5076	OXA-767
5077	OXA-768
5078	OXA-769
560	OXA-77
5079	OXA-770
5080	OXA-771
5081	OXA-772
5082	OXA-773
5083	OXA-774
5084	OXA-775
5085	OXA-776
5086	OXA-777
5087	OXA-778
4047	OXA-779
1551	OXA-78
5088	OXA-780
5089	OXA-781
5090	OXA-782
5091	OXA-783
5092	OXA-784
5093	OXA-785
5094	OXA-786
5095	OXA-787
5096	OXA-788
5097	OXA-789
497	OXA-79
8139	OXA-790
8140	OXA-791
5098	OXA-793
5099	OXA-794
5100	OXA-795
5101	OXA-796
5102	OXA-797
5103	OXA-798
5104	OXA-799
1882	OXA-80
5105	OXA-800
5106	OXA-801
5107	OXA-802
5108	OXA-803
5109	OXA-804
5110	OXA-805
5111	OXA-806
5112	OXA-807
5113	OXA-808
5114	OXA-809
5115	OXA-810
5116	OXA-811
3885	OXA-812
5117	OXA-813
5118	OXA-814
5119	OXA-815
5120	OXA-816
5121	OXA-817
3884	OXA-818
5122	OXA-819
1288	OXA-82
5123	OXA-820
5124	OXA-821
5125	OXA-822
5126	OXA-823
5127	OXA-824
4076	OXA-825
5128	OXA-826
5129	OXA-827
5130	OXA-828
5131	OXA-829
239	OXA-83
5132	OXA-830
5133	OXA-831
5134	OXA-832
5135	OXA-833
5136	OXA-834
4054	OXA-835
5137	OXA-836
3800	OXA-837
4048	OXA-838
5138	OXA-839
2026	OXA-84
5139	OXA-840
5140	OXA-841
5141	OXA-842
5142	OXA-843
5143	OXA-844
5144	OXA-845
3856	OXA-846
5145	OXA-847
5146	OXA-848
5147	OXA-849
289	OXA-85
3864	OXA-850
5148	OXA-851
5149	OXA-852
5150	OXA-853
5151	OXA-854
5152	OXA-855
5153	OXA-856
5154	OXA-857
5155	OXA-858
5156	OXA-859
981	OXA-86
5157	OXA-860
5158	OXA-861
5159	OXA-862
5160	OXA-863
5161	OXA-864
5162	OXA-865
5163	OXA-866
5164	OXA-867
5165	OXA-868
5166	OXA-869
430	OXA-87
5167	OXA-870
5168	OXA-871
5169	OXA-872
5170	OXA-873
5171	OXA-874
5172	OXA-875
5173	OXA-876
5174	OXA-877
5175	OXA-878
5176	OXA-879
1132	OXA-88
5177	OXA-880
5178	OXA-881
5179	OXA-882
5180	OXA-883
5181	OXA-884
5182	OXA-885
5183	OXA-886
5184	OXA-887
5185	OXA-888
5186	OXA-889
1416	OXA-89
5187	OXA-890
5188	OXA-891
5189	OXA-892
5190	OXA-893
5191	OXA-894
4064	OXA-895
5192	OXA-896
4073	OXA-897
3827	OXA-898
3826	OXA-899
243	OXA-9
48	OXA-90
5193	OXA-900
5194	OXA-901
5195	OXA-902
5196	OXA-903
5197	OXA-904
5198	OXA-905
3862	OXA-906
5199	OXA-907
5200	OXA-908
5201	OXA-909
1575	OXA-91
5202	OXA-910
5203	OXA-911
5204	OXA-912
5205	OXA-913
5206	OXA-914
4068	OXA-915
5207	OXA-916
5208	OXA-917
5209	OXA-918
5210	OXA-919
902	OXA-92
5211	OXA-920
5212	OXA-921
5213	OXA-922
5214	OXA-923
5215	OXA-924
5216	OXA-925
4055	OXA-926
5217	OXA-927
5218	OXA-928
5219	OXA-929
457	OXA-93
4063	OXA-930
4062	OXA-931
5220	OXA-932
8141	OXA-933
8142	OXA-934
5221	OXA-935
8143	OXA-936
5222	OXA-937
5223	OXA-938
5224	OXA-939
899	OXA-94
5225	OXA-940
5226	OXA-941
5227	OXA-942
5228	OXA-943
8144	OXA-944
5229	OXA-945
5230	OXA-946
5231	OXA-947
5232	OXA-948
5233	OXA-949
1040	OXA-95
8145	OXA-950
8146	OXA-951
8147	OXA-952
8148	OXA-953
8149	OXA-954
8150	OXA-955
8151	OXA-956
8152	OXA-957
8153	OXA-958
8154	OXA-959
605	OXA-96
8155	OXA-960
8156	OXA-961
8157	OXA-962
8158	OXA-963
8159	OXA-964
8160	OXA-965
8161	OXA-966
8162	OXA-967
8163	OXA-968
8164	OXA-969
1764	OXA-97
8165	OXA-970
8166	OXA-971
8167	OXA-972
8168	OXA-973
8169	OXA-974
8170	OXA-975
8171	OXA-976
8172	OXA-977
8173	OXA-978
8174	OXA-979
146	OXA-98
8175	OXA-980
8176	OXA-981
8177	OXA-982
8178	OXA-983
8179	OXA-984
8180	OXA-985
8181	OXA-986
8182	OXA-987
8183	OXA-988
8184	OXA-989
1387	OXA-99
8185	OXA-990
8186	OXA-991
8187	OXA-992
8188	OXA-993
8189	OXA-994
8190	OXA-995
8191	OXA-996
8192	OXA-997
8193	OXA-998
8194	OXA-999
8202	OXY-10-1
792	OXY-1-1
8195	OXY-1-11
8203	OXY-11-1
8196	OXY-1-12
8197	OXY-1-13
8198	OXY-1-16
8199	OXY-1-17
8200	OXY-1-18
8201	OXY-1-19
338	OXY-1-2
8204	OXY-12-1
8205	OXY-12-2
1823	OXY-1-3
1481	OXY-1-4
1307	OXY-1-6
8524	OXY-1-7
644	OXY-2-1
1061	OXY-2-10
5234	OXY-2-11
5235	OXY-2-12
5236	OXY-2-13
5237	OXY-2-14
5238	OXY-2-15
8206	OXY-2-17
8207	OXY-2-18
8208	OXY-2-19
52	OXY-2-2
8209	OXY-2-20
8210	OXY-2-21
8211	OXY-2-22
8212	OXY-2-23
8213	OXY-2-24
8214	OXY-2-25
8215	OXY-2-26
8216	OXY-2-27
8217	OXY-2-28
2045	OXY-2-3
8218	OXY-2-30
1424	OXY-2-4
643	OXY-2-5
1869	OXY-2-6
428	OXY-2-7
203	OXY-2-8
785	OXY-2-9
348	OXY-3-1
8219	OXY-3-2
8220	OXY-3-3
436	OXY-4-1
8221	OXY-4-2
8222	OXY-4-3
8223	OXY-4-4
8224	OXY-4-5
1244	OXY-5-1
8225	OXY-5-10
8226	OXY-5-11
1311	OXY-5-2
8227	OXY-5-6
8228	OXY-5-7
8229	OXY-5-8
42	OXY-6-1
8230	OXY-6-10
8231	OXY-6-11
637	OXY-6-2
34	OXY-6-3
913	OXY-6-4
8232	OXY-6-5
8233	OXY-6-7
8234	OXY-7-1
8235	OXY-8-1
8236	OXY-8-2
8237	OXY-8-3
8238	OXY-9-1
3875	PAC-1
8239	PAD-1
5812	PAM-1
5813	PAM-2
5814	PAM-3
8240	PAM-5
3806	ParR
3805	ParS
2116	Pmul_16S_SPT
2081	patA
2112	patB
5239	PAU-1
8241	PC1
726	PC1_blaZ
400	PDC-1
678	PDC-10
5240	PDC-100
5241	PDC-101
5242	PDC-102
5243	PDC-103
4037	PDC-104
4009	PDC-105
5244	PDC-106
5245	PDC-107
5246	PDC-108
5247	PDC-109
3858	PDC-11
5248	PDC-110
5249	PDC-111
5250	PDC-112
5251	PDC-113
5252	PDC-114
5253	PDC-115
5254	PDC-116
4035	PDC-117
4010	PDC-118
4041	PDC-119
5255	PDC-12
5256	PDC-120
5257	PDC-121
5258	PDC-122
5259	PDC-123
5260	PDC-124
5261	PDC-125
5262	PDC-126
5263	PDC-127
5264	PDC-128
5265	PDC-129
5266	PDC-13
5267	PDC-130
5268	PDC-131
5269	PDC-132
5270	PDC-133
5271	PDC-134
5272	PDC-135
5273	PDC-136
5274	PDC-137
5275	PDC-138
5276	PDC-139
3853	PDC-14
5277	PDC-140
5278	PDC-141
5279	PDC-142
5280	PDC-143
5281	PDC-144
5282	PDC-145
5283	PDC-146
5284	PDC-147
5285	PDC-148
5286	PDC-149
5287	PDC-15
5288	PDC-150
5289	PDC-151
5290	PDC-152
5291	PDC-153
5292	PDC-154
5293	PDC-155
5294	PDC-156
5295	PDC-157
5296	PDC-158
5297	PDC-159
5298	PDC-16
5299	PDC-160
5300	PDC-161
5301	PDC-162
5302	PDC-163
5303	PDC-164
5304	PDC-165
5305	PDC-166
5306	PDC-167
5307	PDC-168
5308	PDC-169
5309	PDC-17
5310	PDC-170
5311	PDC-171
5312	PDC-172
4038	PDC-173
5313	PDC-174
5314	PDC-175
5315	PDC-176
5316	PDC-177
5317	PDC-178
5318	PDC-179
5319	PDC-18
5320	PDC-180
5321	PDC-181
5322	PDC-182
4031	PDC-183
5323	PDC-184
5324	PDC-185
5325	PDC-186
5326	PDC-187
5327	PDC-188
5328	PDC-189
5329	PDC-190
5330	PDC-191
5331	PDC-192
5332	PDC-193
5333	PDC-194
5334	PDC-195
5335	PDC-196
5336	PDC-197
5337	PDC-198
5338	PDC-199
4027	PDC-19a
4024	PDC-19b
1107	PDC-2
5339	PDC-20
5340	PDC-200
4017	PDC-201
5341	PDC-202
5342	PDC-203
5343	PDC-204
5344	PDC-205
5345	PDC-206
4032	PDC-207
5346	PDC-208
5347	PDC-209
5348	PDC-210
5349	PDC-211
4021	PDC-212
5350	PDC-213
5351	PDC-214
5352	PDC-215
5353	PDC-216
5354	PDC-217
5355	PDC-218
5356	PDC-219
5357	PDC-21a
5358	PDC-21b
5359	PDC-22
5360	PDC-220
5361	PDC-221
5362	PDC-222
5363	PDC-223
5364	PDC-224
4006	PDC-225
5365	PDC-226
5366	PDC-227
5367	PDC-228
5368	PDC-229
3880	PDC-23
5369	PDC-230
4036	PDC-231
5370	PDC-232
5371	PDC-233
5372	PDC-234
5373	PDC-235
5374	PDC-236
5375	PDC-237
5376	PDC-238
5377	PDC-239
5378	PDC-24
3869	PDC-240
5379	PDC-241
5380	PDC-242
5381	PDC-243
5382	PDC-244
5383	PDC-245
5384	PDC-246
5385	PDC-247
5386	PDC-248
5387	PDC-249
5388	PDC-25
5389	PDC-250
5390	PDC-251
5391	PDC-252
5392	PDC-253
5393	PDC-254
4029	PDC-255
5394	PDC-256
4043	PDC-257
4014	PDC-258
5395	PDC-259
5396	PDC-26
5397	PDC-260
5398	PDC-261
5399	PDC-262
5400	PDC-263
4016	PDC-264
5401	PDC-265
5402	PDC-266
5403	PDC-267
5404	PDC-268
5405	PDC-270
5406	PDC-271
4028	PDC-272
5407	PDC-273
5408	PDC-274
5409	PDC-275
5410	PDC-276
5411	PDC-277
5412	PDC-278
5413	PDC-279
3881	PDC-28
5414	PDC-280
5415	PDC-281
5416	PDC-282
5417	PDC-283
4008	PDC-284
4019	PDC-285
5418	PDC-286
5419	PDC-287
5420	PDC-288
5421	PDC-289
5422	PDC-290
5423	PDC-291
4039	PDC-292
4030	PDC-293
5424	PDC-294
5425	PDC-295
5426	PDC-296
5427	PDC-297
5428	PDC-298
5429	PDC-299
715	PDC-3
5430	PDC-30
5431	PDC-300
5432	PDC-301
5433	PDC-302
5434	PDC-303
5435	PDC-304
5436	PDC-305
4033	PDC-306
5437	PDC-307
5438	PDC-308
5439	PDC-309
5440	PDC-31
5441	PDC-310
5442	PDC-311
5443	PDC-312
4042	PDC-313
5444	PDC-314
5445	PDC-315
5446	PDC-316
5447	PDC-317
5448	PDC-318
5449	PDC-319
5450	PDC-32
5451	PDC-320
5452	PDC-321
5453	PDC-322
4013	PDC-323
4012	PDC-324
5454	PDC-325
5455	PDC-326
5456	PDC-327
5457	PDC-328
5458	PDC-329
5459	PDC-33
5460	PDC-330
5461	PDC-331
5462	PDC-332
5463	PDC-333
5464	PDC-334
5465	PDC-335
5466	PDC-336
4020	PDC-337
5467	PDC-338
5468	PDC-339
5469	PDC-34
5470	PDC-340
5471	PDC-341
5472	PDC-342
5473	PDC-343
5474	PDC-344
5475	PDC-345
4018	PDC-346
5476	PDC-347
5477	PDC-348
5478	PDC-349
5479	PDC-35
5480	PDC-350
5481	PDC-351
4022	PDC-352
5482	PDC-353
5483	PDC-354
5484	PDC-355
5485	PDC-356
5486	PDC-357
5487	PDC-358
5488	PDC-359
5489	PDC-36
5490	PDC-360
5491	PDC-361
5492	PDC-362
5493	PDC-363
5494	PDC-364
5495	PDC-365
5496	PDC-366
5497	PDC-367
5498	PDC-368
5499	PDC-369
5500	PDC-37
5501	PDC-370
5502	PDC-371
5503	PDC-372
5504	PDC-373
5505	PDC-374
5506	PDC-375
4034	PDC-376
5507	PDC-377
5508	PDC-378
5509	PDC-379
5510	PDC-38
4025	PDC-380
5511	PDC-381
5512	PDC-382
5513	PDC-383
4011	PDC-384
5514	PDC-385
5515	PDC-386
5516	PDC-387
5517	PDC-388
5518	PDC-389
5519	PDC-39
5520	PDC-390
5521	PDC-391
5522	PDC-392
4040	PDC-393
5523	PDC-394
5524	PDC-395
5525	PDC-396
5526	PDC-397
5527	PDC-398
5528	PDC-399
1	PDC-4
5529	PDC-40
5530	PDC-400
5531	PDC-401
5532	PDC-402
5533	PDC-403
5534	PDC-404
5535	PDC-405
5536	PDC-406
5537	PDC-407
5538	PDC-408
5539	PDC-409
3882	PDC-41
5540	PDC-410
5541	PDC-411
5542	PDC-412
4015	PDC-413
5543	PDC-414
5544	PDC-415
5545	PDC-416
5546	PDC-417
5547	PDC-418
5548	PDC-419
5549	PDC-42
5550	PDC-420
5551	PDC-421
5552	PDC-422
5553	PDC-423
5554	PDC-424
5555	PDC-425
5556	PDC-426
5557	PDC-427
5558	PDC-428
4044	PDC-429
3860	PDC-43
5559	PDC-430
5560	PDC-431
5561	PDC-432
5562	PDC-433
5563	PDC-434
5564	PDC-435
5565	PDC-436
5566	PDC-437
4007	PDC-438
5567	PDC-439
3868	PDC-44
5568	PDC-440
5569	PDC-441
5570	PDC-442
5571	PDC-443
5572	PDC-444
5573	PDC-445
5574	PDC-446
5575	PDC-447
5576	PDC-448
4045	PDC-449
3871	PDC-45
5577	PDC-450
5578	PDC-451
5579	PDC-452
5580	PDC-453
5581	PDC-454
5582	PDC-455
5583	PDC-456
5584	PDC-457
5585	PDC-458
5586	PDC-459
5587	PDC-46
5588	PDC-460
4026	PDC-461
5589	PDC-462
5590	PDC-463
4023	PDC-464
5591	PDC-465
5592	PDC-466
5593	PDC-467
5594	PDC-468
5595	PDC-469
3854	PDC-47
5596	PDC-470
5597	PDC-471
5598	PDC-472
5599	PDC-473
5600	PDC-474
5601	PDC-475
5602	PDC-476
8242	PDC-477
8243	PDC-478
8244	PDC-479
3874	PDC-48
8245	PDC-480
8246	PDC-481
8247	PDC-482
8248	PDC-483
8249	PDC-484
8250	PDC-485
8251	PDC-486
8252	PDC-487
8253	PDC-488
8254	PDC-489
3872	PDC-49
8255	PDC-490
8256	PDC-491
8257	PDC-492
8258	PDC-493
8259	PDC-494
8260	PDC-495
8261	PDC-496
8262	PDC-497
8263	PDC-498
8264	PDC-499
352	PDC-5
3873	PDC-50
8265	PDC-500
8266	PDC-501
8267	PDC-502
8268	PDC-503
8269	PDC-504
8270	PDC-505
8271	PDC-506
8272	PDC-507
8273	PDC-508
8274	PDC-509
3855	PDC-51
8275	PDC-510
8276	PDC-511
8277	PDC-512
8278	PDC-513
8279	PDC-514
8280	PDC-515
8281	PDC-516
8282	PDC-517
8283	PDC-518
8284	PDC-519
3867	PDC-52
8285	PDC-520
8286	PDC-521
8287	PDC-522
8288	PDC-523
8289	PDC-524
8290	PDC-525
8291	PDC-526
8292	PDC-527
8293	PDC-528
8294	PDC-529
3876	PDC-53
8295	PDC-530
8296	PDC-531
8297	PDC-532
8298	PDC-533
8299	PDC-534
8300	PDC-535
8301	PDC-536
8302	PDC-537
8303	PDC-538
8304	PDC-539
3861	PDC-54
8305	PDC-540
8306	PDC-541
8307	PDC-542
8308	PDC-543
8309	PDC-544
8310	PDC-545
8311	PDC-546
8312	PDC-547
8313	PDC-548
8314	PDC-549
3782	PDC-55
8315	PDC-550
8316	PDC-551
8317	PDC-552
8318	PDC-553
8319	PDC-554
8320	PDC-555
8321	PDC-556
8322	PDC-557
8323	PDC-558
8324	PDC-559
3866	PDC-56
8325	PDC-560
8326	PDC-561
8327	PDC-562
8328	PDC-563
8329	PDC-564
8330	PDC-565
8331	PDC-566
8332	PDC-567
8333	PDC-568
8334	PDC-569
3851	PDC-57
8335	PDC-570
8336	PDC-571
8337	PDC-572
8338	PDC-573
8339	PDC-574
8340	PDC-575
8341	PDC-576
8342	PDC-577
8343	PDC-578
8344	PDC-579
5603	PDC-58
8345	PDC-580
8346	PDC-581
8347	PDC-582
8348	PDC-583
8349	PDC-584
8350	PDC-585
8351	PDC-586
8352	PDC-587
8353	PDC-588
8354	PDC-589
3863	PDC-59
8355	PDC-590
8356	PDC-591
8357	PDC-592
8358	PDC-593
8359	PDC-594
8360	PDC-595
8361	PDC-596
8362	PDC-597
8363	PDC-598
8364	PDC-599
1446	PDC-6
5604	PDC-60
8365	PDC-600
8366	PDC-601
8367	PDC-602
8368	PDC-603
8369	PDC-604
8370	PDC-605
8371	PDC-606
8372	PDC-607
8373	PDC-608
8374	PDC-609
3870	PDC-61
8375	PDC-610
8376	PDC-611
8377	PDC-612
8378	PDC-613
8379	PDC-614
8380	PDC-615
8381	PDC-616
8382	PDC-617
8383	PDC-618
8384	PDC-619
3859	PDC-62
8385	PDC-620
8386	PDC-621
8387	PDC-622
8388	PDC-623
8389	PDC-624
8390	PDC-625
8391	PDC-626
8392	PDC-627
8393	PDC-628
8394	PDC-629
3850	PDC-63
8395	PDC-630
8396	PDC-631
8397	PDC-632
8398	PDC-633
8399	PDC-634
8400	PDC-635
8401	PDC-636
8402	PDC-637
8403	PDC-638
8404	PDC-639
5605	PDC-64
8405	PDC-640
3781	PDC-65
3852	PDC-66
3865	PDC-67
3848	PDC-68
3878	PDC-69
612	PDC-7
3849	PDC-70
5606	PDC-71
3877	PDC-72
2852	PDC-73
2853	PDC-74
2854	PDC-75
2855	PDC-76
2856	PDC-77
2857	PDC-78
2858	PDC-79
108	PDC-8
2859	PDC-80
2860	PDC-81
2861	PDC-82
2862	PDC-83
2863	PDC-84
2864	PDC-85
2865	PDC-86
2866	PDC-87
2867	PDC-88
2868	PDC-89
1130	PDC-9
2869	PDC-90
2870	PDC-91
2871	PDC-92
2872	PDC-93
5607	PDC-94
5608	PDC-95
5609	PDC-96
5610	PDC-97
5611	PDC-98
5612	PDC-99
2228	PEDO-1
2229	PEDO-2
2230	PEDO-3
8415	PEN-A1
8406	PEN-A10
8407	PEN-A11
8408	PEN-A12
8409	PEN-A13
8410	PEN-A15
8411	PEN-A16
8412	PEN-A17
8413	PEN-A18
8414	PEN-A19
8426	PEN-A2
8416	PEN-A20
8417	PEN-A21
8418	PEN-A22
8419	PEN-A23
8420	PEN-A24
8421	PEN-A25
8422	PEN-A26
8423	PEN-A27
8424	PEN-A28
8425	PEN-A29
8435	PEN-A3
8427	PEN-A30
8428	PEN-A31
8429	PEN-A32
8430	PEN-A33
8431	PEN-A34
8432	PEN-A35
8433	PEN-A37
8434	PEN-A38
8436	PEN-A5
8437	PEN-A6
8438	PEN-A7
8439	PEN-A8
8440	PEN-A9
8441	PEN-B1
8442	PEN-B2
8443	PEN-B3
8444	PEN-B4
919	PER-1
5613	PER-10
5614	PER-11
5615	PER-12
5616	PER-13
5617	PER-14
5618	PER-15
5619	PER-16
8445	PER-17
8446	PER-18
491	PER-2
1589	PER-3
82	PER-4
1534	PER-5
1493	PER-6
863	PER-7
5620	PER-8
5621	PER-9
3366	pexA
5622	PFM-1
5623	PFM-2
5624	PFM-3
5734	PFM-4
2397	pgpB
5901	PJM-1
8447	PJM-2
5625	PLA-1
5626	PLA-2a
5627	PLA-3
8448	PLA-4
8449	PLA-5
5628	PLA-6
2257	Pros_EFTu_GE2A
1342	pp_cat
5629	PLN-1
5630	PME-1
2734	PmpM
2003	pmrA
2014	PmrF
8450	PNC-1
8451	PNC-2
8452	PNC-3
3272	PNGM-1
5631	POM-1
5632	POM-2
2781	porin_OmpC
2904	poxtA
2058	pp-flo
5769	PRC-1
2808	Prop_23S_MAC
5961	Paer_ampR_ATM
1316	Paer_catB6
1042	Paer_catB7
2685	Paer_CpxR
2655	Paer_emrE
2215	Paer_ParC_FLO
2196	Paer_gyrA_FLO
2224	Paer_oprD_IPM
2198	Paer_parE_FLO
2775	Paer_soxR
1600	Paer_PhoP_CST
383	Paer_PhoQ_CST
5633	PST-1
5634	PST-2
5635	PSV-1
5986	PSZ-1
5989	Rv2856
2201	PvrR
372	qacA
558	qacB
3754	qacE
3755	qacEdelta1
5731	qacG
2323	qacH
5730	qacJ
3830	qacL
1206	QepA1
2771	QepA2
2879	QepA3
2880	QepA4
1987	QnrA1
1508	QnrA2
802	QnrA3
747	QnrA4
179	QnrA5
1673	QnrA6
1034	QnrA7
5907	QnrAS
975	QnrB1
139	QnrB10
411	QnrB11
1280	QnrB12
266	QnrB13
843	QnrB14
1414	QnrB15
1564	QnrB16
498	QnrB17
116	QnrB18
581	QnrB19
353	QnrB2
1856	QnrB20
740	QnrB21
1174	QnrB22
346	QnrB23
354	QnrB24
781	QnrB25
1470	QnrB26
1590	QnrB27
552	QnrB28
1102	QnrB29
548	QnrB3
1940	QnrB30
2044	QnrB31
716	QnrB32
1048	QnrB33
1160	QnrB34
1760	QnrB35
272	QnrB36
891	QnrB37
99	QnrB38
5908	QnrB39
1707	QnrB4
1267	QnrB40
594	QnrB41
358	QnrB42
2028	QnrB43
1789	QnrB44
1209	QnrB45
625	QnrB46
58	QnrB47
946	QnrB48
484	QnrB49
1809	QnrB5
1588	QnrB50
324	QnrB54
827	QnrB55
1263	QnrB56
1636	QnrB57
40	QnrB58
539	QnrB59
417	QnrB6
2011	QnrB60
382	QnrB61
852	QnrB62
1513	QnrB64
577	QnrB65
71	QnrB66
1683	QnrB67
1257	QnrB68
1369	QnrB69
765	QnrB7
938	QnrB70
388	QnrB71
2049	QnrB72
1063	QnrB73
1993	QnrB74
5909	QnrB75
5919	QnrB76
5910	QnrB77
5911	QnrB78
1335	QnrB8
5912	QnrB80
1579	QnrB9
1609	QnrC
822	QnrD1
517	QnrD2
3335	qnrE1
3336	qnrE2
381	QnrS1
3320	QnrS10
3323	QnrS11
3325	QnrS12
3326	QnrS15
1832	QnrS2
1270	QnrS3
682	QnrS4
393	QnrS5
60	QnrS6
1775	QnrS7
234	QnrS8
699	QnrS9
1351	QnrVC1
1803	QnrVC3
452	QnrVC4
1150	QnrVC5
1583	QnrVC6
1859	QnrVC7
332	R39
8453	RAA-1
5957	RAD-1
5636	RAHN-1
5637	RAHN-2
8454	RAHN-3
8455	RAHN-4
8456	RAHN-5
8457	RAHN-6
1665	ramA
3825	RanA
3824	RanB
8458	RASA-1
6025	RATA-1
6026	RATA-2
1425	RbpA
882	RCP-1
134	rgt1438
2844	Rsph_ampC_BLA
250	Rfas_cmr
2274	RlmA(II)
2375	Rm3
1854	rmtA
904	rmtB
1540	rmtC
1843	rmtD
3376	rmtD2
3377	rmtE
3378	rmtE2
1852	rmtF
1382	rmtG
41	rmtH
596	ROB-1
3816	ROB-10
5795	ROB-11
5796	ROB-12
3808	ROB-13
3814	ROB-2
3809	ROB-3
3810	ROB-4
3811	ROB-5
3812	ROB-6
3813	ROB-7
3815	ROB-8
1261	rosA
507	rosB
910	rphA
2528	rphB
2831	rpoB2
2406	rpsJ
2884	RSA1-1
5638	RSA2-1
8459	RSC1-1
8460	RSD1-1
5639	RSD2-1
5640	RSD2-2
3807	rsmA
5641	RUB-1
6001	Rv1877
2265	salA
5737	salB
5738	salC
5739	salD
5740	salE
2074	Sent_16S_SPT
328	Sent_cmlA
2403	Sent_gyrA_FLO
2850	Sent_gyrA_TRC
2410	Sent_parC_FLO
1894	Sent_ramR
2075	Sent_soxR_MULT
6015	Sgal_folP_SLF
6016	Sisa_gyrA_FLO
6017	Sisa_gyrB_FLO
1696	Sser_gyrB_FLO
1323	Sser_parE_FLO
1671	Sent_soxS_MULT
1285	SAT-2
531	SAT-3
1505	SAT-4
3788	SatA
432	sav1866
3653	SCO-1
228	sdiA
5729	sdrM
1294	SED-1
8462	SED-2
5728	sepA
2790	Smar_Omp1
614	SFB-1
5642	SFC-1
8463	SFC-2
8464	SFDC-1
347	SFH-1
5643	SFO-1
2079	sgm
5644	SGM-1
5645	SGM-2
5646	SGM-3
5647	SGM-4
5648	SGM-5
5649	SGM-6
5650	SGM-7
5732	SHD-1
5965	Sfle_acrA
2411	Sfle_gyrA_FLO
2412	Sfle_parC_FLO
5651	SHN-1
1028	SHV-1
583	SHV-100
202	SHV-101
766	SHV-102
1060	SHV-103
1538	SHV-104
93	SHV-105
915	SHV-106
1490	SHV-107
679	SHV-108
1133	SHV-109
578	SHV-11
1573	SHV-110
1705	SHV-111
370	SHV-112
5652	SHV-115
5653	SHV-116
1216	SHV-119
103	SHV-12
1800	SHV-120
214	SHV-121
895	SHV-122
1578	SHV-123
877	SHV-124
1430	SHV-125
1334	SHV-126
1893	SHV-127
265	SHV-128
701	SHV-129
1466	SHV-13
5654	SHV-132
449	SHV-133
998	SHV-134
1468	SHV-135
238	SHV-137
791	SHV-14
1555	SHV-140
818	SHV-141
657	SHV-142
1533	SHV-143
1984	SHV-144
2008	SHV-145
5655	SHV-146
1319	SHV-147
1753	SHV-148
1262	SHV-149
369	SHV-15
806	SHV-150
1732	SHV-151
242	SHV-152
610	SHV-153
1628	SHV-154
1953	SHV-155
488	SHV-156
830	SHV-157
1080	SHV-158
1776	SHV-159
1739	SHV-16
1933	SHV-160
832	SHV-161
286	SHV-162
2036	SHV-163
244	SHV-164
2021	SHV-165
1412	SHV-167
1199	SHV-168
5656	SHV-171
750	SHV-172
1208	SHV-173
2012	SHV-178
2057	SHV-179
74	SHV-18
293	SHV-180
125	SHV-182
1798	SHV-183
529	SHV-185
917	SHV-186
1557	SHV-187
344	SHV-188
1968	SHV-189
1438	SHV-19
5657	SHV-190
5658	SHV-191
3961	SHV-193
3945	SHV-194
3925	SHV-195
3951	SHV-196
3929	SHV-197
3924	SHV-198
3954	SHV-199
3959	SHV-1b-b
1053	SHV-2
825	SHV-20
3970	SHV-200
3926	SHV-201
3975	SHV-202
3971	SHV-203
3928	SHV-204
3922	SHV-205
3949	SHV-206
3958	SHV-207
3948	SHV-208
3964	SHV-209
374	SHV-21
3947	SHV-210
3952	SHV-211
3927	SHV-212
3973	SHV-213
3957	SHV-214
3965	SHV-215
3930	SHV-216
3972	SHV-217
3960	SHV-218
3953	SHV-219
1158	SHV-22
3946	SHV-220
3974	SHV-221
3923	SHV-222
3956	SHV-223
3962	SHV-224
3963	SHV-225
3950	SHV-226
3955	SHV-227
3969	SHV-228
8466	SHV-229
1599	SHV-23
8467	SHV-230
8468	SHV-231
8469	SHV-232
8470	SHV-233
8471	SHV-234
8472	SHV-235
8473	SHV-236
8474	SHV-237
8475	SHV-238
8476	SHV-239
57	SHV-24
8477	SHV-240
8478	SHV-241
8479	SHV-242
8480	SHV-243
8481	SHV-244
8482	SHV-245
1014	SHV-25
1448	SHV-26
1919	SHV-27
1742	SHV-28
1927	SHV-29
1597	SHV-2A
2103	SHV-3
619	SHV-30
1259	SHV-31
306	SHV-32
887	SHV-33
1286	SHV-34
210	SHV-35
424	SHV-36
684	SHV-37
527	SHV-38
1477	SHV-39
3627	SHV-4
1685	SHV-40
66	SHV-41
72	SHV-42
768	SHV-43
1970	SHV-44
1621	SHV-45
788	SHV-46
1487	SHV-48
469	SHV-49
1827	SHV-5
1945	SHV-50
1527	SHV-51
4	SHV-52
890	SHV-53
1195	SHV-55
161	SHV-56
770	SHV-57
1095	SHV-59
351	SHV-6
1429	SHV-60
194	SHV-61
711	SHV-62
1461	SHV-63
123	SHV-64
1322	SHV-65
992	SHV-66
447	SHV-67
437	SHV-69
1985	SHV-7
1644	SHV-70
1062	SHV-71
723	SHV-72
1727	SHV-73
1026	SHV-74
595	SHV-75
1043	SHV-76
994	SHV-77
310	SHV-78
76	SHV-79
371	SHV-8
1439	SHV-80
1239	SHV-81
565	SHV-82
439	SHV-83
1639	SHV-84
1520	SHV-85
1603	SHV-86
188	SHV-89
557	SHV-9
148	SHV-92
961	SHV-93
1346	SHV-94
1654	SHV-95
955	SHV-96
749	SHV-97
1941	SHV-98
1475	SHV-99
6067	SIE-1
1282	SIM-1
5659	SIM-2
419	SLB-1
753	SMB-1
1482	SME-1
50	SME-2
1512	SME-3
1611	SME-4
135	SME-5
1507	smeA
1960	smeB
1264	smeC
284	smeD
876	smeE
634	smeF
1550	smeR
342	smeS
1918	spd
2235	SPG-1
2298	SPM-1
5660	SPN79-1
5661	SPR-1
5662	SPS-1
5663	SPU-1
128	srmB
199	SRT-1
1878	SRT-2
5664	SRT-3
8483	SRT-4
5934	SSA
5665	SST-1
3397	sta
5666	STA-1
2689	Saur_23S_LZD
2304	Saur_agrA_DAP
1301	Saur_cls_DAP
3362	Saur_FosB
2254	Saur_fusA_FA
2256	Saur_fusE_FA
2380	Saur_GlpT_FOF
1166	Saur_gyrA_FLO
1822	Saur_gyrB_AMU
2276	Saur_ileS_MUP
3276	Saur_LmrS
2394	Saur_menA_LYS
651	Saur_mprF
1001	Saur_mprF_DAP
2270	Saur_mupA_MUP
2271	Saur_mupB_MUP
2285	Saur_murA_FOF
3367	Saur_norA
212	Saur_parC_FLO
1135	Saur_parE_AMU
335	Saur_parE_FLO
462	Saur_pgsA_DAP
1088	Saur_rpoB_DAP
90	Saur_rpoB_RIF
794	Saur_rpoC_DAP
2381	Saur_UhpT_FOF
2299	Saur_walK_DAP
2896	Sint_ACT_CHL
2283	Saga_mprF
2791	Smit_CdsA_DAP
2826	Spne_23S_MULT
2817	Spne_23S_MAC
660	Spne_parC_FLO
1607	Spne_PBP1a_AMX
1035	Spne_PBP2b_AMX
320	Spne_PBP2x_AMX
570	Spyo_folP_SLF
5970	Spyo_PBP2x_BLA
2894	Ssui_ACT_CHL
2818	Samb_23S_MAC
2310	Scin_EFTu_ELF
138	Sliv_cmlR
5797	otr(A)S.liv
1273	otr(A)S.rim
2292	Sris_parY_AMU
5820	Sven_rox
1070	sul1
952	sul2
396	sul3
2875	sul4
2522	TaeA
1720	tap
1204	tcmA
652	tcr3
355	TEM-1
665	TEM-10
1725	TEM-101
86	TEM-102
6007	TEM-103
1279	TEM-104
1961	TEM-105
543	TEM-106
549	TEM-107
2034	TEM-108
101	TEM-109
285	TEM-11
580	TEM-110
1973	TEM-111
359	TEM-112
814	TEM-113
1245	TEM-114
1709	TEM-115
87	TEM-116
1655	TEM-117
1066	TEM-118
1782	TEM-12
681	TEM-120
193	TEM-121
365	TEM-122
2029	TEM-123
1408	TEM-124
940	TEM-125
12	TEM-126
1770	TEM-127
472	TEM-128
1159	TEM-129
1529	TEM-130
1805	TEM-131
68	TEM-132
541	TEM-133
1214	TEM-134
1697	TEM-135
1025	TEM-136
960	TEM-137
198	TEM-138
1646	TEM-139
1290	TEM-141
855	TEM-142
1693	TEM-143
1241	TEM-144
589	TEM-145
1154	TEM-146
1799	TEM-147
317	TEM-148
1355	TEM-149
1423	TEM-15
1931	TEM-150
471	TEM-151
920	TEM-152
982	TEM-153
1954	TEM-154
363	TEM-155
1146	TEM-156
1458	TEM-157
247	TEM-158
692	TEM-159
78	TEM-16
1525	TEM-160
662	TEM-162
845	TEM-163
1791	TEM-164
331	TEM-166
1948	TEM-167
1528	TEM-168
1090	TEM-169
292	TEM-17
808	TEM-171
314	TEM-176
1291	TEM-177
1225	TEM-178
3751	TEM-181
425	TEM-182
126	TEM-183
1722	TEM-184
879	TEM-185
1124	TEM-186
562	TEM-187
490	TEM-188
2004	TEM-189
1771	TEM-19
1963	TEM-190
485	TEM-191
728	TEM-192
1380	TEM-193
1614	TEM-194
155	TEM-195
2064	TEM-196
1629	TEM-197
132	TEM-198
1476	TEM-199
421	TEM-2
1075	TEM-20
607	TEM-201
698	TEM-205
211	TEM-206
302	TEM-207
1916	TEM-208
1010	TEM-209
631	TEM-21
3985	TEM-210
1672	TEM-211
3986	TEM-212
709	TEM-213
378	TEM-214
1999	TEM-215
1452	TEM-216
751	TEM-217
1218	TEM-219
445	TEM-22
2398	TEM-220
3987	TEM-224
3988	TEM-225
3989	TEM-226
3990	TEM-227
3991	TEM-228
3992	TEM-229
3993	TEM-230
3994	TEM-231
3995	TEM-232
3996	TEM-233
3997	TEM-234
3998	TEM-235
3999	TEM-236
4000	TEM-237
4001	TEM-238
8484	TEM-239
2000	TEM-24
4002	TEM-240
4003	TEM-241
4004	TEM-242
4005	TEM-243
5944	TEM-244
5946	TEM-245
5940	TEM-246
5943	TEM-247
8485	TEM-248
8486	TEM-249
8487	TEM-250
8488	TEM-251
8489	TEM-252
8490	TEM-253
8491	TEM-254
8492	TEM-255
8493	TEM-256
8494	TEM-257
8495	TEM-258
811	TEM-26
1022	TEM-28
1011	TEM-29
1819	TEM-3
735	TEM-30
3978	TEM-31
3979	TEM-32
415	TEM-33
54	TEM-34
3980	TEM-35
3981	TEM-36
3982	TEM-37
3983	TEM-39
2115	TEM-4
1436	TEM-40
860	TEM-42
107	TEM-43
1278	TEM-45
77	TEM-47
1785	TEM-48
918	TEM-49
3976	TEM-5
504	TEM-52
1740	TEM-53
1173	TEM-54
797	TEM-55
2025	TEM-57
15	TEM-59
760	TEM-6
2040	TEM-60
6008	TEM-61
885	TEM-63
287	TEM-67
836	TEM-68
56	TEM-7
1887	TEM-70
398	TEM-71
14	TEM-72
587	TEM-73
1488	TEM-75
1951	TEM-76
171	TEM-78
1096	TEM-79
1816	TEM-8
1667	TEM-80
1531	TEM-81
1868	TEM-82
828	TEM-83
493	TEM-84
1421	TEM-85
1890	TEM-86
115	TEM-87
956	TEM-88
647	TEM-89
3977	TEM-9
1137	TEM-90
277	TEM-91
220	TEM-92
1350	TEM-93
1834	TEM-94
536	TEM-95
979	TEM-96
5668	TEM-98
5669	TEM-99
5670	TER-1
5671	TER-2
1917	tet(30)
640	tet(31)
1233	tet(32)
2046	tet(33)
1302	tet(34)
1969	tet(35)
1708	tet(36)
774	tet(37)
1835	tet(38)
1092	tet(39)
945	tet(40)
1584	tet(41)
43	tet(42)
1773	tet(43)
1171	tet(44)
17	tet(45)
3308	tet(47)
3284	tet(48)
3285	tet(49)
3287	tet(50)
3288	tet(51)
3289	tet(52)
3290	tet(53)
3292	tet(54)
3293	tet(55)
3302	tet(56)
3750	tet(57)
2881	tet(59)
3279	tet(61)
5962	tet(62)
5963	tet(63)
5964	tet(64)
6062	tet(65)
1808	tet(A)
2643	tetA(46)
2517	tetA(58)
2645	tetA(60)
508	tetA(P)
458	tet(B)
2644	tetB(46)
2518	tetB(58)
2646	tetB(60)
804	tetB(P)
900	tet(C)
1138	tet(D)
142	tet(E)
957	tet(G)
1027	tet(H)
988	tet(J)
1345	tet(K)
1897	tet(L)
1692	tet(M)
2020	tet(O)
5789	tet(O/32/O)
5790	tet(O/M/O)
5791	tet(O/W)
5792	tet(O/W/32/O)
5793	tet(O/W/O)
1183	tet(Q)
276	tetR
3352	tetR(G)
1553	tet(S)
2037	tet(T)
1006	tet(V)
389	tet(W)
5794	tet(W/32/O)
2882	tet(W/N/W)
776	tet(X)
3888	tet(X1)
3401	tet(X3)
3402	tet(X4)
3798	tet(X5)
3797	tet(X6)
402	tet(Y)
1885	tet(Z)
3818	Tthe_23S_PLM
3817	Tthe_uL3_PLM
5926	ThfT
1393	THIN-B
546	TLA-1
102	TLA-2
2326	TLA-3
336	Sfra_tlrB_TYL
1997	tlrC
2773	TMB-1
2774	TMB-2
1794	tmrB
826	TolC
6019	Tpal_23S_ERY
2192	TriA
2193	TriB
2194	TriC
4066	DfrA42_TMP
4077	DfrA43_TMP
2889	TRU-1
49	tsnR
5672	TTU-1
392	TUS-1
3484	tva(A)
3753	TxR
2691	Type_A_NfxB
2693	Type_B_NfxB
842	ugd
2148	Uure_gyrB_FLO
2104	Uure_parC_FLO
5761	VAM-1
1981	vanA
1098	vanB
455	vanC
824	vanD
1617	vanE
1759	vanF
1157	vanG
178	vanH_in_vanA_cl
626	vanH_in_vanB_cl
1333	vanH_in_vanD_cl
1790	vanH_in_vanF_cl
1724	vanH_in_vanM_cl
786	vanH_in_vanO_cl
5804	vanH_in_vanP_cl
2241	vanI
2240	vanJ
2245	vanK_in_vanI_cl
349	vanL
1924	vanM
164	vanN
1754	vanO
5805	vanP
722	vanR_in_vanA_cl
141	vanR_in_vanB_cl
1547	vanR_in_vanC_cl
1004	vanR_in_vanD_cl
691	vanR_in_vanE_cl
240	vanR_in_vanF_cl
1635	vanR_in_vanG_cl
2246	vanR_in_vanI_cl
409	vanR_in_vanL_cl
752	vanR_in_vanM_cl
1219	vanR_in_vanN_cl
1689	vanR_in_vanO_cl
5807	vanR_in_vanP_cl
1907	vanS_in_vanA_cl
499	vanS_in_vanB_cl
966	vanS_in_vanC_cl
2139	vanS_in_vanD_cl
1571	vanS_in_vanE_cl
1920	vanS_in_vanF_cl
390	vanS_in_vanG_cl
2244	vanS_in_vanI_cl
744	vanS_in_vanL_cl
1328	vanS_in_vanM_cl
1033	vanS_in_vanN_cl
465	vanS_in_vanO_cl
5808	vanS_in_vanP_cl
734	vanT_in_vanC_cl
1308	vanT_in_vanE_cl
1561	vanT_in_vanG_cl
1983	vanT_in_vanN_cl
229	vanTm_in_vanL
1510	vanTr_in_vanL
943	vanU_in_vanG_cl
534	vanV_in_vanB_cl
1036	vanW_in_vanB_cl
1622	vanW_in_vanG_cl
2242	vanW_in_vanI_cl
217	vanX_in_vanA_cl
1666	vanX_in_vanB_cl
1566	vanX_in_vanD_cl
1509	vanX_in_vanF_cl
2243	vanX_in_vanI_cl
1996	vanX_in_vanM_cl
1699	vanX_in_vanO_cl
5806	vanX_in_vanP_cl
97	vanXY_in_vanC
559	vanXY_in_vanE
253	vanXY_in_vanG
1872	vanXY_in_vanL
518	vanXY_in_vanN
89	vanY_in_vanA_cl
556	vanY_in_vanB_cl
1453	vanY_in_vanD_cl
1899	vanY_in_vanF_cl
298	vanY_in_vanG_cl
1713	vanY_in_vanM_cl
1030	vanZ_in_vanA_cl
1669	vanZ_in_vanF_cl
1735	vatA
1189	vatB
872	vatC
290	vatD
1519	vatE
2260	vatF
837	vatH
2523	VatI
2227	VCC-1
1192	VEB-1
5673	VEB-10
5674	VEB-11
5675	VEB-12
5676	VEB-13
5677	VEB-14
5678	VEB-15
2222	VEB-16
5679	VEB-17
8497	VEB-18
5680	VEB-19
1795	VEB-2
5681	VEB-20
5682	VEB-21
5683	VEB-22
5684	VEB-23
5685	VEB-24
5686	VEB-25
5687	VEB-26
5688	VEB-27
8498	VEB-28
8499	VEB-29
26	VEB-3
8500	VEB-30
8501	VEB-31
8502	VEB-32
8503	VEB-33
8504	VEB-34
8505	VEB-35
8506	VEB-36
8507	VEB-37
8508	VEB-38
8509	VEB-39
613	VEB-4
113	VEB-5
1499	VEB-6
273	VEB-7
969	VEB-8
898	VEB-9
579	vgaA
159	vgaALC
1817	vgaB
2123	vgaC
1046	vgaD
1626	vgaE
3400	Scoh_vga(E)
1594	vgbA
1144	vgbB
2526	vgbC
5689	VHH-1
5690	VHW-1
2899	Vang_ACT_CHL
2783	Vcho_OmpT
2782	Vcho_OmpU
2842	Vcho_varG
6022	Vvul_rpoB_RIF
1211	VIM-1
1274	VIM-10
530	VIM-11
119	VIM-12
1556	VIM-13
1766	VIM-14
1810	VIM-15
602	VIM-16
168	VIM-17
1957	VIM-18
1056	VIM-19
391	VIM-2
586	VIM-20
296	VIM-23
1358	VIM-24
923	VIM-25
519	VIM-26
1058	VIM-27
629	VIM-28
165	VIM-29
1863	VIM-3
481	VIM-30
997	VIM-31
1521	VIM-32
1958	VIM-33
122	VIM-34
553	VIM-35
1783	VIM-36
79	VIM-37
357	VIM-38
1205	VIM-39
1078	VIM-4
5691	VIM-40
5692	VIM-41
1787	VIM-42
204	VIM-43
5693	VIM-44
5694	VIM-45
5695	VIM-46
5696	VIM-47
5697	VIM-48
5698	VIM-49
661	VIM-5
5699	VIM-50
5700	VIM-51
5701	VIM-52
5702	VIM-53
5703	VIM-54
5704	VIM-55
5705	VIM-56
5706	VIM-57
5707	VIM-58
5708	VIM-59
438	VIM-6
5709	VIM-60
5710	VIM-61
5711	VIM-62
5712	VIM-63
5713	VIM-64
5714	VIM-65
5715	VIM-66
5716	VIM-67
5717	VIM-68
5718	VIM-69
2061	VIM-7
5719	VIM-70
5720	VIM-71
5721	VIM-72
5722	VIM-73
6028	VIM-74
6036	VIM-75
6037	VIM-76
6038	VIM-77
6039	VIM-78
6040	VIM-79
262	VIM-8
6041	VIM-80
6042	VIM-81
6043	VIM-82
6044	VIM-83
6045	VIM-84
6046	VIM-85
6047	VIM-86
6048	VIM-87
8510	VIM-88
8511	VIM-89
1857	VIM-9
8512	VIM-90
8513	VIM-91
3758	VMB-1
2907	vmlR
1223	vph
6065	VRA-F
5933	WUS-1
980	Yent_y56
3783	YajC
5723	YEM-1
1826	ykkC
350	ykkD
8514	YOC-1
2424	YojI
3779	YRC-1
5724	ZOG-1